游戏名,类型,开发商,发行商,价格,平台,性质,是否支持中文,历史在线峰值
Core Of Darkness,"动作,独立,纵轴,魔法,类Rogue",Storm's Foreshadow,Storm's Foreshadow,15,PC,单人,否,1
Ohmicide,音频制作,Ohm Force,Ohm Force,,PC,其他,否,1
Rigid Chess,"休闲,策略,桌上游戏",RigidBody,RigidBody Tech LLC,37,PC,单人,否,1
Mage Guard,"动作,独立,抢先体验,虚拟现实",Hashbang Games,Hashbang Games,68,PC,单人,否,1
Paulo's Wing,"动作,独立,休闲,虚拟现实",Angry Array,Angry Array,28,PC,单人,否,1
Back To Life 2,独立,Carlo D'Apostoli Projects,Strategy First,21,PC,单人,否,1
明日探险家,"角色扮演,独立,休闲",Blank Interactive,Blank Interactive,6,PC,单人,是,1
Hippocampal: The White Sofa,"独立,步行模拟",Freegamer,Strategy First,21,PC,单人,否,1
Space Station Loma: OPERATIONS,"动作,独立,休闲,抢先体验,虚拟现实,太空模拟,科幻,太空,街机,模拟,快节奏",SpielmannSpiel,SpielmannSpiel,45,PC,单人,否,1
Darken VR,"模拟,虚拟现实",Shaftesbury Darken Digital Inc.,Shaftesbury Sales Company,6,PC,单人,否,1
Ambienz,"休闲,模拟,抢先体验","Byron Atkinson-Jones,Joseph Jolton",Xiotex Studios Ltd,37,PC,单人,否,1
Armed Warrior VR,"动作,血腥,虚拟现实",antrorse,antrorse,37,PC,单人,否,1
Seul (Alone): The entrée,"冒险,独立,角色扮演,血腥,文字为基础,视觉小说,恐怖,自选历险体验,心理恐怖,惊悚,悬疑,哲理",Paranormal Games,Paranormal Games,15,PC,单人,否,1
Butterfly 2,"独立,二维,平台解谜,可爱,单人,困难,平台游戏",grin robot,grin robot,11,PC,单人,是,1
The Warden,"冒险,独立,恐怖,解谜","Matteo Cillario,Riccardo Runci,Niccolo' Passeri,Giulia Sorrentino",Black Mist Studios,40,PC,单人,否,1
Peg Solitaire Adventure,"独立,休闲,模拟,单人,逻辑",Kedexa,Kedexa,70,PC,单人,否,1
Majestic Trials,"独立,抢先体验,冒险,策略,角色扮演,类Rogue,奇幻,战术,魔法,回合制战术,怀旧",Alpha Strike Games Limited,Alpha Strike Games Limited,50,PC,单人,否,1
Daydream,"休闲,动作,独立,策略",Rohit Joshi,Indie1Up,11,PC,单人,否,1
Herman 2,独立,Dirge Game Studio,Dirge Game Studio,11,PC,单人,是,1
BlockDoc,"动作,独立",Snowdrop Lab,Snowdrop Lab,6,PC,单人,否,1
Beyond Flesh and Blood Episode 1,"动作,冒险,模拟,抢先体验,独立,休闲,策略,机甲世界,竞技场射击,科幻,第三人称射击,射击,单人,时空操控,解谜",Pixelbomb Games,Pixelbomb Games,65,PC,单人,否,1
Sky Tower,"独立,休闲,模拟,虚拟现实",Animootor,Animootor,21,PC,单人,否,1
Deflection Dimension,"独立,抢先体验,动作,冒险,迷宫探索,二维,轻度 Rogue,单人",Ricoshot Games,Ricoshot Games,35,PC,单人,否,1
My Planet [RTS],"独立,休闲,策略,科幻,单人,本地多人,模拟,建造,塔防,合作,末日,本地合作",Aurora,Aurora,28,PC,单人,是,1
Celestrion,"模拟,虚拟现实","dSky9, Inc.","dSky9, Inc.",6,PC,单人,否,1
JumpHead: Battle4Fun!,"动作,独立,休闲,多人,平台游戏,二维,4人本地,本地多人",JumpHead Team,Light Maze,39,PC,多人,否,1
Don't Explode,"动作,独立,休闲,街机,科幻",Bemoworld Studios,Bemoworld Studios,6,PC,其他,否,1
REPULSE: Galactic Rivals,"动作,独立,休闲,体育",IronEqual,IronEqual,11,PC,单人,否,1
Absent Mind,"冒险,独立,血腥,暴力,模拟",Dylan Latham,Dylan Latham,6,PC,单人,否,1
Hotel Spring,"冒险,独立,解谜,悬疑",Chief Fenrir Entertainment,Chief Fenrir Entertainment,18,PC,单人,否,1
Run Away,"动作,独立,休闲,冒险",JOAO PORTO,JOAO PORTO ,6,PC,单人,否,1
99 Waves to Die,"动作,独立",SpookyFish Games,SpookyFish Games,15,PC,单人,否,1
iMemo,"休闲,独立,模拟,阖家,解谜",cBlck,cBlck,6,PC,单人,否,1
Fire Guild,"独立,二维,即时,短片,飞行",Dmitriy Zaletov,Dmitriy Zaletov,15,PC,单人,否,1
Disassembly Line,"动作,纵轴,独立,阖家,本地多人,合作,机器人,欢乐",Bumfuzzled Gibbons,Bumfuzzled Gibbons,22,PC,本地多人,是,1
Talos VR,"动作,冒险,模拟,休闲,虚拟现实","GUANGZHOU HUANTEK CO.,LTD","GUANGZHOU HUANTEK CO.,LTD",15,PC,单人,否,1
Atlasee,实用工具,Martin Chrzan,Martin Chrzan,18,PC,其他,否,1
80.08,"独立,解谜,第一人称视角,单人,悬疑,科幻,抽象",CloudScapeGT,CloudScapeGT,,PC,单人,否,1
Prens Cavid The Game,"动作,独立,休闲,冒险,抢先体验,战争",Sacit Polat,Z-Tasarım,6,PC,单人,否,1
Heroes Of The Offworld Arena,"动作,射击,单人,竞技场射击",Showdown Academy,Showdown Academy,22,PC,单人,是,1
Cryptozookeeper,"冒险,互动小说",Jolt Country,Jolt Country,15,PC,单人,否,1
Wincars Racer,"抢先体验,动作,独立,竞速",DragonJam Studios,DragonJam Studios,40,PC,单人,否,1
Road Z Survival: The Last Winter,"抢先体验,模拟,动作,独立,暴力",Game Mavericks,GM Publishing,32,PC,单人,否,1
PaperCat,"独立,休闲",ARS,ARS,11,PC,单人,否,1
Adrift Arena,"动作,独立,街机,3D 平台,平台游戏,第三人称视角,单人,精确平台,3D,短片,快节奏,低容错,风格化,卡通化,物理",Quirk Bit Limited,Quirk Bit Limited,22,PC,单人,否,1
"Lights, Camera, Reaction!","策略,独立,休闲,抢先体验,虚拟现实,小游戏,异步多人,大逃杀,非对称 VR,欢乐,阖家",Fluxean Company,Fluxean Company,37,PC,异步多人,否,1
Robo Run,"独立,休闲,冒险",cBlck,cBlck,6,PC,单人,否,1
The Yellow Quiz,休闲,Modern Alchemy,Modern Alchemy,免费游玩,PC,共享/分屏合作,否,1
conNEcT01,"休闲,血腥,暴力",kjkjkAIStudio,kjkjkAIStudio,6,PC,单人,是,1
4K Bricks Breaker Plus,"独立,街机,非主流经典",Beeast Soft,Beeast Soft,37,PC,单人,否,1
Company of Heroes 2 - Ardennes Assault,"策略,二战,即时战略,单人,多人,战争,动作,冒险,历史,合作,开放世界,军事,大师级","Relic Entertainment,Feral Interactive (Mac),Feral Interactive (Linux)","SEGA,Feral Interactive (Mac),Feral Interactive (Linux)",68,PC,单人,否,1
Alien street battle,"动作,独立,体育,冒险,大型多人在线",karl brown,karl brown,22,PC,大型多人在线,是,1
GloGo,"独立,休闲,动作,好评原声音轨,街机,怀旧,困难,单人,彩色,快节奏,第三人称视角",Accordion Games,Accordion Games,15,PC,单人,否,1
Super Blockbreak 3D,"动作,独立,休闲,建造,关卡编辑,快节奏",abstract garden,abstract garden,28,PC,单人,否,1
MonsterS in haha Island (群妖志) ,"动作,冒险,独立",Muggle,Muggle,6,PC,单人,是,1
Scorched Islands,"独立,回合制,坦克,重制,本地多人,竞技场射击",Ignis Game Studio,Ignis Game Studio,22,PC,本地多人,是,1
Professor Teaches QuickBooks 2020,,Individual Software,Individual Software,70,PC,其他,否,1
MAD Maze,"休闲,独立,冒险,角色扮演,策略",MAD Dev Studio,MAD Dev Studio,11,PC,单人,否,1
Snowballed: Crazy Downhill,"冒险,独立,氛围,单人,二维,动作,彩色,阖家,休闲,竞速,物理,欢乐,平台游戏,手绘",Arcane Bay Labs,Arcane Bay Labs,26,PC,单人,是,1
Penguin Park 3D,"独立,模拟,放松,3D,可爱",Sokpop Collective,Sokpop Collective,15,PC,单人,否,1
SoulfulLand,"动作,独立,冒险,抢先体验,类银河战士恶魔城,探索,二维,农业,困难,动作冒险,清版动作",Rusimitu,Rusimitu,28,PC,单人,否,1
Zero spring episode 2,"冒险,角色扮演,独立,日系角色扮演,单人,剧情丰富,动漫,免费",Sonic-Alpha,NS,免费游玩,PC,单人,否,1
Bubonic: OutBreak,"独立,休闲,模拟,动作,冒险,策略,恐怖",MouldyMattress,MouldyMattress,21,PC,单人,否,1
MODERN ROAD-LIKE,"冒险,角色扮演,独立,休闲,RPG制作大师,生存",Jordan Rott,Jordan Rott,6,PC,单人,否,1
PuzzlesCave,"动作,独立,二维,平台解谜",MamoriStudio,MamoriStudio,6,PC,单人,是,1
DATAFLOW,"独立,休闲",Half-Face Games,Half-Face Games,15,PC,单人,否,1
Zombie Mutant DNA,"动作,独立,冒险,暴力,垂直卷轴射击,重玩价值,纵轴,弹幕射击,反乌托邦,鲜血,毁灭,等角,竞技场射击,单线剧情,仅鼠标,僵尸,恐怖,奇幻,经典,战术",Teltamo,Teltamo,67,PC,单人,否,1
Drops: Rhythm Garden,"独立,休闲,模拟,虚拟现实",Planeta,Planeta,28,PC,单人,否,1
driftwood,"独立,步行模拟,氛围,自然,短片",Sokpop Collective,Sokpop Collective,15,PC,单人,否,1
Skip's Sanity,"休闲,动作,角色扮演,独立,模拟,体育,策略",David Donarumo,David Donarumo,免费游玩,PC,单人,否,1
TripTrip,"动作,独立,好评原声音轨,怀旧,二维,像素图形,奔跑,困难",About Airplane LLC,About Airplane LLC,15,PC,单人,否,1
Snares of Ruin Zero,"独立,休闲,角色扮演,RPG制作大师",Astronomic Games,Astronomic Games,15,PC,单人,否,1
Frog Out!,"休闲,动作,独立",Team Magic Forest,Kajak Games,40,PC,其他,否,1
Fox-Trot Over Run,"动作,独立,血腥,暴力,垂直卷轴射击",Russell Snider,Base Unknown Studios,22,PC,单人,否,1
Striker A Type Game Pack,"休闲,策略,独立,竞速,抢先体验",Q Sky Wing,Space Ring,16,PC,单人,是,1
Voipas,"休闲,模拟",BETTER QUESTS,BETTER QUESTS,22,PC,单人,否,1
A Mars Journey: Redturtle,"冒险,模拟,虚拟现实",QOVAQ,QOVAQ,32,PC,单人,否,1
Skull's Soliditude,"休闲,动作,独立,角色扮演,科幻,黑暗奇幻,恶魔",Chun Y.,Chun Y.,11,PC,单人,否,1
Battle Trendaria,"动作,独立,血腥",megaeggz,megaeggz,6,PC,单人,否,1
Nebula Nuker,"动作,独立,休闲,太空,街机",Octopi is not a Word,Octopi is not a Word,6,PC,单人,否,1
20something,"独立,角色扮演,文字为基础,互动小说",Jake Tucker,Jake Tucker,15,PC,单人,否,1
Adventure in King Caries Land,"独立,动作,冒险",Max Robert Studios,Max Robert Studios,28,PC,单人,否,1
BLIND QUEST - The Enchanted Castle,"角色扮演,冒险,独立,奇幻,动态记叙",Associazione Audiogames,IV Productions,26,PC,单人,否,1
Ze VR,"动作,独立,休闲,虚拟现实",Funny Bit Games,Funny Bit Games,9,PC,单人,否,1
Mission:Amazing,"动作,休闲,冒险,血腥,暴力,战争,街机,军事",GimfoGames,GimfoGames,11,PC,单人,否,1
WAR Pig - Big Bang,"动作,休闲,策略",magnussoft,magnussoft,28,PC,单人,否,1
Turn up jeans,"独立,模拟",Anime squad,Anime squad,6,PC,单人,是,1
WackIt,"动作,独立,休闲,虚拟现实","Ross Grambo,Scott Grambo",Grambo Games L.L.P,6,PC,单人,否,1
The Night Christmas Ended,"动作,休闲,独立",Giant Goblin Studio,Giant Goblin Studio,21,PC,单人,否,1
Infferno,"动作,独立,多人,恐怖,合作,困难,本地合作,像素图形",Dirty Pixel Art,Indie Games Publisher,50,PC,多人,否,1
Venandi In Silva,"动作,独立",Naie.Sorachi,Naie.Sorachi,70,PC,单人,否,1
ColorCode,独立,"Tecsi Aron,Szocs Robert",MeRo Games,15,PC,单人,否,1
StartBolita,"独立,休闲,策略,冒险,解谜,平台解谜,困难,推箱子",JhonGames,JhonGames,6,PC,单人,否,1
A Wild Time Travelling Clone Dancing,"动作,冒险,全动态影像,漫画,互动小说",Bmc Studio,Bmc Studio,15,PC,单人,否,1
Evolo.SpiderSim,"策略,独立,模拟,即时战略,程序生成,创世神",OurLastSpring,Metal Fox,6,PC,单人,否,1
Get Me Outta Here - Deluxe/Remastered Edition,"动作,独立,冒险",Rossman Bros Games,Rossman Bros Games,22,PC,单人,否,1
Golden Axe,"经典,动作,清版动作,街机,二维,怀旧,奇幻,单人,本地合作,横向滚屏,女性主角,冒险",SEGA,SEGA,6,PC,单人,否,1
Hacking locks Simulator,"独立,模拟",SHOWHIM.NET Developers,SHOWHIM.NET,11,PC,单人,否,1
Neonis,"动作,独立,垂直卷轴射击,太空,纵轴,塔防",GoldenEvolution,GoldenEvolution,18,PC,单人,否,1
Island Town Zombie Paradise,"动作,独立,抢先体验,休闲,竞速",Island Town,Island Town,6,PC,单人,否,1
Trail of Destruction,"动作,独立",Kim Niklas Schlüter,Kim Niklas Schlüter,21,PC,单人,否,1
The Artefacts lost in the Galaxy,"动作,独立,休闲,抢先体验,太空,冒险",Seebacher Norbert,indépendant,6,PC,单人,否,1
A God-Like Backhand!,"动作,冒险,独立,休闲,模拟,虚拟现实",Q-Ball Games LLC,Q-Ball Games LLC,6,PC,单人,否,1
One Drop Bot,"独立,单人,解谜,平台游戏,平台解谜,风格化,困难,类Rogue",David Draper Jr,Playing with Color,15,PC,单人,否,1
Restless Hero,"独立,动作,冒险,暴力,平台游戏,生存,好评原声音轨,二维,困难,单人,角色扮演,策略,氛围,大师级,推理调查,像素图形,历史,第三人称视角,动作冒险,隐藏物体",Restless Corp.,Restless Corp.,28,PC,单人,否,1
Wall Walker,"休闲,冒险,独立,模拟,策略,虚拟现实",Mark Sowders,Mark Sowders,22,PC,单人,否,1
Stick to the end,"动作,独立,休闲,策略,模拟",90E GAMES,90E GAMES,6,PC,单人,否,1
TRIPLICATA,"动作,独立,休闲",Matthew Wester,Mwester Studios,15,PC,单人,否,1
Polymatic,"动作,独立,休闲",FUNdation,FUNdation,11,PC,单人,否,1
VQD,"动作,独立,休闲,冒险",Marafigo Games,Marafigo Games,6,PC,单人,是,1
The Frontier,"冒险,角色扮演,独立,抢先体验,模拟",Nikku Nomura,Nikku Nomura,37,PC,单人,否,1
Biplane Racer,"竞速,独立,休闲,体育",Happy Horns,Happy Horns,22,PC,单人,否,1
Bikerz,"动作,独立,竞速",Forever Young Games,Forever Young Games,32,PC,单人,否,1
Pluck,"动作,冒险,独立,抢先体验",Benjamin Lapid,Benjamin Lapid,,PC,单人,否,1
liquivid Video Exposure and Effects,"实用工具,视频制作",nullplussoftware,nullplussoftware,35,PC,其他,否,1
Psihanul,"动作,独立,暴力,血腥,抢先体验,第一人称射击,第一人称视角,单人,冒险,动作冒险,成人,快节奏",Orazklychev Davut,Orazklychev Davut,15,PC,单人,否,1
Power of The Void,"独立,冒险,平台游戏,解谜,困难,可爱,角色定制,子弹时间,时空操控,快节奏",SVGames,SVGames,25,PC,单人,否,1
HoloSprint,"竞速,休闲,模拟,单人,3D",Hologram Studios,Hologram Studios,11,PC,单人,否,1
LOCO,"模拟,抢先体验",LOCO,LOCO,50,PC,单人,否,1
In The Dark,"独立,动作,冒险,垂直卷轴射击,双摇杆射击,恐怖",The dark software,Droid Riot,22,PC,单人,否,1
City Rush,"动作,体育,抢先体验,冒险,竞速,虚拟现实","Liam Swetnam,Alex Swetnam",Liam Swetnam,36,PC,单人,否,1
iterform,"独立,动作,平台游戏,极简主义",Evgeny Petrov,Not a Prototype games,15,PC,单人,否,1
SPECKLE: Chill Puzzle Game,"解谜,休闲,音乐,策略,单人,好评原声音轨,二维,街机,困难,阖家,放松,彩色,战术,氛围",DEEP Games,DEEP Games,6,PC,单人,否,1
VolticPistol,"动作,独立,冒险,平台游戏,横向滚屏,二维,赛博朋克,中世纪,弹幕射击,大师级",Sunset Arctic Games,Sunset Arctic Games,41,PC,单人,是,1
Defend Them !,"独立,策略,动作,角色扮演,抢先体验,塔防,奇幻,第一人称视角,第三人称视角,卡通化,寻宝",Butter Fly Games,Butter Fly Games,37,PC,单人,否,1
Crypto Quest,"休闲,模拟,角色扮演",Pineapple Software Management,Pineapple Software Management,15,PC,单人,否,1
The Adventures of Clive McMulligan on Planet Zeta Four,"动作,独立,二维,平台游戏",Broke Astronaut,Broke Astronaut,21,PC,单人,否,1
UFO Simulator Control Master,"独立,休闲,模拟",OZNA STUDIO,OZNA STUDIO,22,PC,单人,否,1
Dread station,"动作,独立",CASGames,CASGames,6,PC,单人,否,1
Archer's story,"动作,冒险,独立,休闲",Room122,Room122,6,PC,单人,否,1
Cubit,休闲,S.A. DigiWorks,S.A. DigiWorks,6,PC,单人,否,1
Project Z,"独立,休闲,冒险,恐怖",SlinDev,SlinDev,22,PC,单人,否,1
Fantasy Ball,"体育,独立,本地合作,4人本地,本地多人",Pixel Sunset Studio,Pixel Sunset Studio,15,PC,本地合作,否,1
GodOrEvil.1,"策略,角色扮演,独立,休闲,冒险",JusticePartner Narka,JusticePartner Narka,11,PC,单人,是,1
Classic Card Game Hearts,"策略,休闲,体育,卡牌游戏,回合战略",Webfoot,Encore Software LLC,11,PC,单人,否,1
ESCAPE FROM VOYNA: Dead Forest,"独立,动作",Dead Turtle,Dead Turtle,26,PC,单人,否,1
Sliding Puzzle Collection,"休闲,解谜,二维,放松,独立",Random Box Studio,Random Box Studio,18,PC,单人,否,1
VE GSIM Overhead Crane Simulator,"模拟,虚拟现实,软件培训,单人,体验",Visual Engineering,Visual Engineering,35,PC,单人,否,1
you are pig sitter,"独立,模拟,抢先体验",yukitama,yukitama,15,PC,单人,否,1
Gimel Dimension,"动作,独立,休闲,清版射击,弹幕射击,试验性,彩色,抽象,垂直卷轴射击,重玩价值,超现实,快节奏,太空,好评原声音轨,永久死亡,街机,射击,二维,困难,极简主义","JOZGames,Use Your Head - Games",Use Your Head - Games,6,PC,单人,否,1
ANti: Virus Destroyer,"动作,独立","Nicholas Likiardopoulos,Daniel Likiardopoulos,Martin van Stipdonk",Borazon Games LLC,6,PC,单人,否,1
The Life's Lane,"休闲,冒险,独立,模拟",Life's Lane Studio,Life's Lane Studio,15,PC,单人,否,1
1000 Stages,"独立,休闲,冒险,角色扮演,控制器,黑暗,阖家,黑色幽默,奇幻,复古",ltaoist,ltaoist,388,PC,单人,是,1
Pirates Treasure II,"独立,模拟,好评原声音轨,单人,游戏相关",Pokies4fun,Pokies4fun,28,PC,单人,否,1
Defuser VR,"动作,休闲,独立,虚拟现实",Niki Odolphie,Somerset Online Ltd,6,PC,单人,否,1
Snake VR,"休闲,模拟,虚拟现实","Reality Diversions, LLC.","Reality Diversions, LLC.",11,PC,单人,否,1
Navyblue and the Spectrum Killers,"动作,独立",Hyper Combo Studio,Hyper Combo Studio,37,PC,单人,否,1
Ghouls Underground,"动作,休闲,独立",Choloco,Choloco,37,PC,单人,否,1
CONTAINMENT,"独立,休闲,街机",Planet X Game Studios,Planet X Game Studios,22,PC,单人,是,1
Plunger Knight - Washers of Truth,"动作,冒险,独立,休闲,角色扮演,平台游戏,欢乐,平台解谜",Greenlynx,Greenlynx,11,PC,单人,否,1
Space Station Invader VR,"动作,独立,角色扮演,虚拟现实,第一人称射击",TesseractZero,TesseractZero,37,PC,单人,否,1
Dr. Fizzgigious Fantabulous Carbon Dating Simulacrum,独立,Tanukitsune,Tanukitsune,6,PC,单人,否,1
UNDEFINED,"动作,冒险,独立,休闲",Enoops,Enoops,6,PC,单人,否,1
Coated,"独立,平台解谜","mamoniem,Owlnight",Owlnight,22,PC,单人,否,1
Не падай!,"休闲,模拟,竞速,独立,动作,欢乐",SharF Co.,SharF Co.,11,PC,单人,否,1
RaceXXL Space,"竞速,科幻,街机,动作,休闲,重玩价值,火星,驾驶,大师级",Sars Medya,Sars Medya,15,PC,单人,否,1
The Fog,"动作,冒险,独立,恐怖,单人,黑暗,小说改编,生存恐怖,暴力,灵异,心理恐怖,第一人称视角,电影",Horizon Games,Horizon Games,37,PC,单人,否,1
Slam Fighter II,"独立,休闲,节奏,好评原声音轨,本地多人,欢乐,2D 格斗,打字,格斗,二维,单人,竞分,像素图形,可爱,怀旧,迷幻,街机",Team Dogpit,Team Dogpit,22,PC,本地多人,否,1
Sad City 42,"冒险,休闲,独立,动作,角色扮演,视觉小说",Narko Games,Narko Games,11,PC,单人,否,1
Space Sergeants,"动作,战术,快节奏,射击,团队导向",EV,EV,6,PC,单人,否,1
Mogh,独立,Beastudio Ltd,Beastudio Ltd,免费开玩,PC,单人,否,1
The Final Days: Eternal Night,"角色扮演,独立,暴力",Kipsaim(Mike) Delgado,Kipsaim(Mike) Delgado,26,PC,单人,否,1
Flurius,"动作,冒险,独立",Raio-X,Raio-X,6,PC,单人,否,1
Dexterity,"动作,独立,模拟,解谜,欢乐,困难,物理",Demian Till,Demian Till,18,PC,单人,否,1
Space Road,"休闲,独立,抢先体验,竞分,3D 平台,现代,时空操控,单线剧情,控制器,小游戏,模拟,放松,快节奏,太空,街机,横向滚屏,氛围,单人,欲罢不能,未来",Studio Inward,Studio Inward,6,PC,单人,否,1
Frog struggles,"动作,独立,冒险,自然,格斗",Sokpop Collective,Sokpop Collective,15,PC,单人,否,1
Hero Of The Forest,"角色扮演,休闲,冒险,独立,动作,RPG制作大师",MediocreArc,MediocreArc,22,PC,单人,否,1
Axe Prime,"动作,血腥,暴力,冒险",Nathan Steven Barger,One Minute Web Apps,22,PC,单人,否,1
Code Name: Origin,"动作,冒险,独立",Latent Studios,Latent Studios,11,PC,单人,否,1
Cut Smash Wrap,"策略,独立,休闲,放松,解谜,二维,单人,欲罢不能,重玩价值",Indigo Arts,Indigo Arts,6,PC,单人,否,1
Ping Pong Space,"动作,独立,体育,街机,玩家对战,二维,复古,怀旧,困难,快节奏,太空,80 年代,分屏,人工智能,经典,网球,控制器",Best Friend Games,Best Friend Games,15,PC,单人,否,1
My psychedelic world,"动作,休闲,冒险,角色扮演,血腥,暴力,开放世界",li yang,li yang,168,PC,单人,否,1
AOS Manager,"模拟,体育,策略,独立",GASF Studio,GASF Studio,15,PC,单人,否,1
Super Jet Juck,"动作,独立,休闲,冒险,大型多人在线,平台游戏,二维,射击,平台解谜,横向滚屏,街机,欢乐,抢先体验",Dnovel,Dnovel,32,PC,大型多人在线,是,1
Xenochamber,"独立,休闲,平台游戏,单人,动作,太空,探索,冒险,3D 平台,抢先体验,类银河战士恶魔城,女性主角,3D,外星人,氛围,彩色",Wonderbox Games,Wonderbox Games,28,PC,单人,否,1
缸中之脑：谎言（Brain in a vat lies）,"角色扮演,独立,冒险,恐怖",cv006_64,cv006_64,6,PC,单人,是,1
Secrets of War,"动作,独立,策略,垂直卷轴射击,二战",DYSTANT Games,DYSTANT Games,37,PC,单人,否,1
Epsilon Jump Prime,"动作,独立",Energize Labs Inc.,Energize Labs Inc.,,PC,单人,否,1
James Town Courier Frog MD,"休闲,动作,独立,模拟,冒险",Revmatek,Revmatek,6,PC,单人,否,1
Forest Plague,"动作,模拟,垂直卷轴射击,独立,单人,恐怖,氛围,生存,狩猎",Real Fighting,Real Fighting,26,PC,单人,是,1
Twin Roads,"冒险,独立,休闲,虚拟现实,单人,3D 平台,好评原声音轨",WarPI Games,WarPI Games,21,PC,单人,否,1
Looking Back,"角色扮演,独立,LGBTQ+,选择取向,RPG制作大师",Kristopher Poulin-Thibault,Kristopher Poulin-Thibault,15,PC,单人,否,1
MonGirlTile,"策略,独立,休闲,可爱",xexai,xexai,11,PC,单人,否,1
Neighborhood,"角色扮演,独立,动作,冒险,抢先体验",Chicken Picnic,Chicken Picnic,15,PC,单人,否,1
Takkyu Tournament Re:Serve,"动作,独立,抢先体验,格斗,本地多人",CyberScherzo Studios,CyberScherzo Studios,22,PC,本地多人,否,1
Super Space Shooter Arena,"动作,休闲,独立,垂直卷轴射击,玩家对战,快节奏,竞技,4人本地,竞技场射击","Dani Corralez,Ben Geselbracht",Dani Corralez,免费游玩,PC,共享/分屏合作,否,1
Free the Animation,"动作,独立,模拟",GEORGES SAMAKE,WHMSOFT,37,PC,单人,否,1
Don't Look Back,"独立,虚拟现实,恐怖","catbull,Omicron Games",catbull,21,PC,单人,是,1
Production Inc.,"独立,抢先体验,休闲,模拟",Solo Instinct,Solo Instinct,68,PC,单人,否,1
Vertigo!,"模拟,体育,独立,虚拟现实",KR Games,Star Consult S.r.l.,22,PC,单人,否,1
Catsapults,"休闲,独立,冒险,单人,解谜,喜剧,好评原声音轨,二维,像素图形,氛围",Midnight Warden,Superfantastic Productions,22,PC,单人,否,1
Street Level: Windows Edition,"策略,卡牌游戏,赛博朋克,科幻,触控,极简主义,快节奏",Hyphema Studios,Hyphema Studios,6,PC,单人,否,1
La Aventura De Axel,"冒险,独立",Tordrix Games,Tordrix,6,PC,单人,否,1
Dynamite Bunny,"动作,独立,休闲",Majao Games,Majao Games,26,PC,单人,否,1
Ailment,"动作,独立,血腥,暴力,冒险",BeardyBird Games,BeardyBird Games,26,PC,单人,否,1
Dark Nebula VR,"动作,独立,虚拟现实,快节奏,射击,科幻,竞技场射击,困难,外星人",Random Bird,Droid Riot,32,PC,单人,否,1
Tet VR,"独立,休闲,抢先体验,虚拟现实",In Your Head Games LLC,In Your Head Games LLC,22,PC,单人,否,1
Reach,"冒险,独立,恐怖,二维,剧情丰富,好评原声音轨,氛围,单人,唯美",Mr. Creep,Mr. Creep Game,28,PC,单人,否,1
Be hate Free Interactive,"休闲,抢先体验,独立,模拟,冒险,策略,教育,复古,生活模拟,轻游戏,基地建设,建造,女性主角,单人,回合战略,低容错,洛夫克拉夫特式,阖家,抽象,好评原声音轨",Be hate Free.org,U Game Me,70,PC,单人,否,1
Life After The Living,"模拟,抢先体验,动作,独立,血腥,暴力,冒险",J&amp;J Game Dev's,J&amp;J Game Dev's,35,PC,单人,否,1
Dead Simple 21,"休闲,独立,策略,卡牌游戏,恐怖,二维,单人,重玩价值,阖家,战术",Addictive 247 Games,Addictive 247 Games,22,PC,单人,否,1
Impossibox,"动作,独立,平台游戏",Deadly Serious Media,Deadly Serious Media,11,PC,单人,否,1
TimeToDie,"动作,角色扮演,独立,抢先体验",Solo Grind,Solo Grind,68,PC,单人,否,1
Monster Trampoline,"独立,休闲",Xenofusion Studios,Xenofusion Studios,18,PC,单人,否,1
Find Pixel,"独立,冒险,解谜",Denis Mikheikin,Denis Mikheikin,15,PC,单人,是,1
Space Wars,"动作,独立,休闲,清版射击,弹幕射击,垂直卷轴射击,太空,街机,射击,横向滚屏,二维,怀旧",Star Studios,Star Studios,6,PC,单人,是,1
Evenness Sensory Space,"教育,虚拟现实",Devika,Devika,15,PC,其他,是,1
Soldier Killer,"动作,独立,休闲,抢先体验",SQUIX Games,SQUIX Games,18,PC,单人,否,1
Jack-O-Lantern Covers of Darkness,"休闲,冒险,独立,第一人称视角,单人","Strawberry Game Studios, LLC","Strawberry Game Studios, LLC",18,PC,单人,否,1
Abduction Prologue: The Story Of Jonathan Blake,"暴力,动作,冒险,独立,模拟,策略,虚拟现实",Red Iron Labs,Red Iron Labs,15,PC,单人,否,1
"Happy Birthday, Bernard","独立,平台游戏,像素图形,解谜,平台解谜",Olly Whillans,Olly Whillans,22,PC,单人,否,1
Skelli Tower Defense,"策略,动作,独立,休闲",Seth Durham,SDGaming,11,PC,单人,否,1
Mister Shizz: Don't Let The Shizz Hit The Fan!,"动作,独立,策略,体育,冒险,抢先体验,休闲,虚拟现实,动作冒险",Mieron Studios,Mieron Studios,22,PC,单人,否,1
SECTOR 40: The Soviet Legacy,"冒险,独立,恐怖,末日,单人",Fifteen Feet,Fifteen Feet,62,PC,单人,否,1
Shrooms,"抢先体验,独立,动作,冒险,角色扮演,生存,制作,女性主角,玩家对战,彩色,合作",Immersive Douro,Immersive Douro,,PC,合作,否,1
Home A Drone,"抢先体验,休闲,动作,独立,策略,虚拟现实",Construct Studio,Construct Studio Inc.,37,PC,单人,否,1
Play with Balloon,"独立,休闲,体育,抢先体验,虚拟现实",Funystone Inc.,Funystone Inc.,25,PC,单人,否,1
Fireflies,"独立,冒险,黑暗,氛围,平台解谜,单人,潜行,解谜,伪3D,心理恐怖,困难,体素,黑暗奇幻,生存恐怖",Smart Studio,Smart Flix ,37,PC,单人,否,1
Make Route: Escape the police,"休闲,独立,策略",Hippopo Entertainment,Hippopo Entertainment,6,PC,单人,是,1
Class Kingdom,"休闲,独立,角色扮演,塔防,生存",Yehonatan Sitbon,Yehonatan Sitbon,43,PC,单人,否,1
Pencil vs. Eraser,"动作,独立","Quinn Purdy,Bellringer Studios",Bellringer Studios,15,PC,单人,否,1
Darkour,"动作,独立,平台游戏,二维,困难",Brian Egana,Brian Egana,,PC,单人,否,1
The Dis-United States Of America,"休闲,策略,卡牌游戏,回合制,政治性,独立",Spaghetti Code Ltd,Spaghetti Code Ltd,15,PC,单人,否,1
Steampunker,"冒险,隐藏物体",Telehorse,Microids Indie,28,PC,单人,否,1
DOUBLE INVASION!!,"独立,冒险,像素图形,解谜,二维",Goose Ladder Games,Goose Ladder Games,32,PC,单人,否,1
In - Sight,"免费,独立,模拟,虚拟现实,黑暗",Liang Zou,Liang Zou,免费开玩,PC,单人,否,1
Orbital Injection,"休闲,模拟,虚拟现实",Packet39,Packet39,11,PC,单人,否,1
Hollow Remnant,"动作,独立,角色扮演,虚拟现实,第一人称射击,奇幻,射击,生存,恐怖,迷宫探索,单人,生存恐怖",Trinity Experiences,Trinity Experiences,37,PC,单人,否,1
Spirit Guide Crucible,"动作,独立,休闲,虚拟现实",IndieRevo,IndieRevo,11,PC,单人,否,1
CA-2A T-Type Leveling Amplifier,音频制作,Cakewalk,Cakewalk,,PC,其他,否,1
Banana Invaders,"动作,休闲,虚拟现实,射击,阖家,第一人称射击,体素,清版射击,彩色,第一人称视角,欢乐,生存,独立,单人",Techmo,Techmo Studios,22,PC,单人,否,1
Pirates of the Asteroid Belt,"角色扮演,独立,动作,剧情丰富,虚拟现实",Garden Horse Studio,Garden Horse Studio,70,PC,单人,否,1
GALAXIUM,"独立,休闲,动作,太空","Tony Muñoz,Dario Carnelutti",Wulum LTD,11,PC,单人,否,1
No Crossing,"休闲,独立",DIMI Game Studio,DIMI Game Studio,9,PC,单人,是,1
KUMACURE,"动作,独立","Dot Zo Games,KADOKAWA CORPORATION",KADOKAWA CORPORATION,22,PC,单人,否,1
Snowglobe,"冒险,独立,虚拟现实",Friend Factory,Friend Factory,22,PC,单人,否,1
Room Escape '1053',"动作,冒险,休闲,虚拟现实,僵尸,心理恐怖,生存恐怖,动作冒险",Godam Inc.,EGG Inc.,,PC,单人,否,1
"Warhammer 40,000: Dawn of War II - Retribution - Last Stand DLC","策略,战锤40K,合作,即时战略,生存,游戏工坊","Relic Entertainment,Feral Interactive (Mac/Linux)","SEGA,Feral Interactive (Mac/Linux)",36,PC,合作,否,1
Syko Swinger,"独立,休闲",Siddharth Bhavsar,Siddharth Bhavsar,6,PC,单人,否,1
Dream On The Moon,"动作,冒险,休闲,独立,体育,抢先体验",Middle Eye,Middle Eye,22,PC,单人,否,1
Escape The Labyrinth,"动作,冒险,独立,血腥",ProjectKlowd Game Studios,ProjectKlowd Game Studios,26,PC,单人,否,1
Heart in the Dark,"动作,抢先体验,冒险,独立",Sebastian Moratti,Sebastian Moratti,67,PC,单人,否,1
Indeep | The casual dungeon crawler,"角色扮演,独立,奇幻,迷宫探索",Bernhard Potuzak,Bernhard Potuzak,15,PC,单人,否,1
Touhou Multi Scroll Shooting,"动作,独立,清版射击,弹幕射击,女性主角,动漫,信仰",Skydash studio,Skydash studio,6,PC,单人,否,1
Highway of death,"独立,竞速,单人,快节奏,程序生成",Laush Dmitriy Sergeevich,Laush Studio,11,PC,单人,是,1
Data mining 0,"休闲,独立,放松,解谜,横向滚屏,二维,物理,怀旧,单人,风格化,抽象,重玩价值,阖家,可爱,彩色,短片,困难,复古,经典,快节奏",Blender Games,Blender Games,11,PC,单人,否,1
Fatal Wings,"动作,独立,清版射击,街机,弹幕射击",Brain Lab Studio,Brain Lab Studio,26,PC,单人,否,1
Spotter,"冒险,独立,休闲",baKno Games,baKno Games,22,PC,单人,是,1
Hyperide VR,"动作,太空模拟,太空,轻游戏,虚拟现实",Kool2Play,Kool2Play,6,PC,单人,否,1
Professor Watts Memory Match: Cute Animals,"休闲,解谜,独立,二维,单人,卡通化,卡通,重玩价值,阖家,逻辑,选择取向,时间管理,策略,放松,指向 &amp; 点击",Ripknot Systems,Ripknot Systems,35,PC,单人,否,1
Santa Run,"独立,休闲,冒险","Nikita ""Ghost_RUS""",Ghost_RUS Games,6,PC,单人,否,1
Z ViRus: V.I.R.M Uprising,"策略,冒险,动作,角色扮演,独立,模拟,血腥,暴力,抢先体验,虚拟现实",Hokkaido Studios,Hokkaido Studios,68,PC,单人,否,1
Life's Playground,"休闲,模拟,独立,策略,回合制,多人,本地多人,桌游,抽象,管理,选择取向,大战略",SimProse Studios,SimProse Studios,15,PC,多人,否,1
Brick Breaker Premium 3,"动作,休闲",LoadUpGames.com,LoadUpGames.com,6,PC,单人,否,1
A Dragon's Tale VR,"独立,休闲,动作,冒险,模拟,虚拟现实",Spillage Games,Spillage Games,22,PC,单人,否,1
Supa Kila Monsta Hunta,"动作,独立,抢先体验,暴力,虚拟现实",Tadej Fius,MediaAtlas,31,PC,单人,否,1
Tomb Guard VR,"策略,动作,冒险,血腥,暴力,抢先体验,虚拟现实",CoolGame,JoicyStudio,68,PC,单人,是,1
30th Century Post Office,"独立,抢先体验,虚拟现实",Toxodon Games,Toxodon Games,36,PC,单人,否,1
Killing random dudes online,"动作,休闲,模拟",WhackAKey Games,WhackAKey Games,6,PC,单人,否,1
PyroNinja: Fire Dodge,"动作,独立,街机,忍者,生存",HolmesGaming,HolmesGaming,11,PC,单人,否,1
Lilith-M,"休闲,独立",Chesstar studios,Chesstar studios,18,PC,单人,是,1
Abnormal world: season one,"休闲,独立",Kedexa,Kedexa,37,PC,单人,否,1
Survival,"动作,大型多人在线,虚拟现实",重庆第五维科技有限公司,重庆第五维科技有限公司,50,PC,大型多人在线,是,1
Frank and 10 roots,"独立,3D 平台,平台游戏,解谜,困难,单人",Horrendous Games,Horrendous Games,6,PC,单人,否,1
Dashbot Ninja,"动作,独立",Trio Queue,Kajak Games,22,PC,单人,否,1
Divenia,"动作,独立,冒险",UnChild Games,UnChild Games,免费游玩,PC,单人,否,1
KeyBoard Guitar Master,"独立,休闲,音乐",Headbang Studio,Headbang Studio,8,PC,单人,否,1
Extra Terrestrial Perception,"动作,独立,冒险",Try This At Home,Try This At Home,免费游玩,PC,单人,否,1
GANZWORKER,"动作,血腥,暴力,第一人称射击,独立,射击,第一人称视角,科幻,单人,3D",Kuranov Nikita,Kuranov Nikita,35,PC,单人,否,1
Fight For Love,"动作,独立,休闲,冒险,平台游戏,二维,动漫,单人,机器人,卡通化,射击,手绘,超现实,探索,剧情丰富,欢乐,阖家,怀旧,彩色,复古",Anamik Majumdar,Anamik Majumdar,6,PC,单人,否,1
Genie,"冒险,独立,休闲",X3 Brothers,X3 Brothers,21,PC,单人,否,1
The Adventures of Team Australia,"角色扮演,独立",Ed Smith,Ed Smith,18,PC,单人,否,1
Tic Tac Toe Lounge,"策略,独立,休闲",Thomas Höfer,Thomas Höfer,6,PC,单人,否,1
Plague of Days,"独立,冒险",Mystic Remedy,Octopus 8 Studios Ltd,6,PC,单人,否,1
NUMTATE,"独立,休闲,策略,解谜,二维,氛围,单人,仅鼠标,情境,逻辑,困难,极简主义,游戏制作,放松",Michael Maas,Michael Maas,Demo,PC,单人,否,1
Back To Hell,"独立,冒险,平台游戏,二维,单人",Digital Monster,Digital Monster,6,PC,单人,否,1
HUGE BEER PONG CHALLENGES VR,"独立,休闲,策略,虚拟现实",Damien Gilliams,Damos Designs,22,PC,单人,否,1
Band of Drones,"策略,独立,回合制战术",Kiritsu Games,Kiritsu Games,32,PC,单人,否,1
Legacy of Lina,"动作,冒险,独立,女性主角,二维,单人,平台游戏,困难",Bks,Bks,15,PC,单人,否,1
Dawn City,"动作,冒险,模拟,虚拟现实",Lucid Dream Studio,Lucid Dream Studio,26,PC,单人,是,1
Legendary Arcane 2 Universe,"动作,独立,冒险","Maxime Côté,Simon Côté",Côté Brothers,18,PC,单人,否,1
Indiana Boy Steam Edition,"冒险,休闲,独立,平台游戏,解谜",One Man,Droid Riot,6,PC,单人,否,1
Voxel Sword,"动作,独立,休闲,竞速",SAT-BOX,SAT-BOX,32,PC,单人,否,1
Counter Terrorism - Minesweeper,"休闲,独立,解谜",Black Phoenix Studio,Black Phoenix Studio,15,PC,单人,是,1
Keiko Everlasting,"休闲,独立,视觉小说,动漫,单人,爱情,可爱,欢乐,剧情丰富,好评原声音轨,冒险,喜剧,唯美","Matt Stanton,Unmei No Basho,Kojiasano,Jeff Stanton,Naoko Kabashima",Matt Stanton,11,PC,单人,否,1
Actual Multiple Monitors,实用工具,Actual Tools,Actual Tools,78,PC,其他,是,1
Paradox Escape Route,"角色扮演,冒险",DKC Game Studio,N/A,22,PC,单人,否,1
Kingdom-Heroes,"策略,独立,休闲,抢先体验,即时战略,单人,动作",PlayMr300,PlayMr300,6,PC,单人,否,1
DOGO,"动作,独立,体育",Pixel Barons,Pixel Barons,36,PC,其他,否,1
Leopoldo Manquiseil,"动作,独立,休闲",The Vanir Project,BadLand Publishing,18,PC,单人,否,1
Virtually Real Life,"冒险,独立,恐怖,视觉小说,二维,氛围,选择取向,多结局,心理恐怖,剧情丰富,指向 &amp; 点击",Freedom Software,Freedom Software,37,PC,单人,否,1
Infinite Vector,"策略,动作,冒险,独立,休闲,虚拟现实",The Burning Red Design,The Burning Red Design,免费游玩,PC,单人,否,1
End of the Road VR,"冒险,独立,血腥,模拟,虚拟现实",Barracuda Disaster,Barracuda Disaster,11,PC,单人,否,1
Craftica,"休闲,独立,模拟,抢先体验,沙盒,体素,开放世界,生存",Craftao Studio,Craftao Studio,32,PC,单人,是,1
Slamoids!,"动作,独立,休闲,街机,单人,竞分",Puddledock Games,Puddledock Games,6,PC,单人,否,1
The End of an Age: Fading Remnants,"角色扮演,RPG制作大师",Poetic Justice Studios,Poetic Justice Studios,22,PC,单人,否,1
Space Dragon,"动作,独立,虚拟现实,太空",3lb Games,3lb Games,35,PC,单人,否,1
In the thrall of darkness: The gift of dreams,"抢先体验,动作,冒险,独立",PPofGG,PPofGG,15,PC,单人,否,1
Liquid Space,"模拟,休闲,抢先体验,虚拟现实,太空,太空模拟",VRX,VRX,免费开玩,PC,单人,否,1
Oh Boy Cheese,"动作,独立,休闲",Ryan Bissonnette,Ryan Bissonnette,6,PC,单人,否,1
Reflector: Bug Hunt,"动作,独立,科幻,像素图形,单人,垂直卷轴射击,弹幕射击",Super Dead LLC,Super Dead LLC,22,PC,单人,否,1
Rampart Tactics,"策略,独立",Aaron Saluk,Aaron Saluk,11,PC,单人,否,1
Pub Simulator,"模拟,虚拟现实,制作,中世纪,时间管理",CathyGames,CathyGames,11,PC,单人,否,1
VRiczat - The Virtual Reality Cricket Game,"体育,虚拟现实",Madras MindWorks,Madras MindWorks Private Limited,37,PC,单人,否,1
MC Lars 2: Brotherhood,"动作,独立","Synersteel Studio, LLC","Synersteel Studio, LLC",22,PC,单人,否,1
happybluebear,"独立,休闲,动作,冒险,角色扮演,平台游戏,困难,极简主义",happypandastudio,happypandastudio,11,PC,单人,是,1
Egg Hunt,"休闲,策略,冒险",Kain Swartzbaugh,Kain Swartzbaugh,6,PC,单人,否,1
Treasure Bolt,"动作,休闲,抢先体验,冒险,策略,虚拟现实",StaplesVR,StaplesVR,11,PC,单人,否,1
Break the Cube,"独立,休闲",Raxi Petrov,Raxi Petrov,6,PC,单人,否,1
Chuck Meowrris,"动作,独立,轻度 Rogue,垂直卷轴射击,双摇杆射击,类Rogue",WhyNot?,WhyNot?,18,PC,单人,否,1
The Cave VR,"动作,冒险,模拟,体验,休闲,虚拟现实",CGPills,CGPills,41,PC,单人,否,1
Renegade Tabletop Tools System,"实用工具,角色扮演",Corrosive Studios LLC,Corrosive Studios LLC,11,PC,其他,否,1
Creepy Races,"独立,竞速",Domus ludus,Domus ludus,26,PC,单人,否,1
Assembly League,"休闲,独立,模拟,策略","INESSOFT,Leon Botha,Leobot Electronics","INESSOFT,Leon Botha,Leobot Electronics",11,PC,单人,否,1
Asteroid Navigation,"动作,休闲,独立",Nathan Norris,Nathan Norris,6,PC,单人,否,1
BRANE?: Prototype,"独立,休闲",John Wanot,None,免费,PC,单人,否,1
Lost King's Lullaby,"动作,独立,冒险",Storeen Games,Tesura Games,37,PC,单人,否,1
Lighter Than AR,"独立,模拟,步行模拟,虚拟现实",Constantly New Corp.,Constantly New Corp.,22,PC,单人,是,1
Impossamole,"动作,冒险",Gremlin Interactive,Piko Interactive LLC,26,PC,单人,否,1
Antox vs. Free Radicals,"模拟,冒险,策略,动作,休闲,角色扮演",Greenlynx,Greenlynx,6,PC,单人,否,1
Labirint,"休闲,独立",Sergey Melnikov,Sergey Melnikov,11,PC,单人,否,1
Grenade Madness,"抢先体验,动作,独立,竞技场射击,第三人称视角,快节奏,射击",Touch Orchestra,Touch Orchestra,36,PC,其他,否,1
Family Tree Heritage? Platinum 15 –  Mac,教育,Ancestral Quest,Individual Software,138,PC,其他,否,1
Cube Full of Mines,"休闲,独立,解谜",Perceptual Games LLC,Perceptual Games LLC,6,PC,单人,否,1
聖剣レイヴランシル物語　,角色扮演,KurotsuShirouProject,KurotsuShirouProject,32,PC,单人,否,1
On Earth As It Is In Heaven - A Kinetic Novel,"冒险,休闲,独立,模拟,视觉小说",Afterthought Studios,Afterthought Studios,54,PC,单人,否,1
Time Travel Trainer,"独立,抢先体验,解谜,科幻,单人,纵轴,时空旅行",Time Travel Trainer,Time Travel Trainer,18,PC,单人,否,1
Ninja Run,"动作,独立,平台游戏,奔跑,忍者,二维,单人",CooperAceProductions,CooperAceProductions,6,PC,单人,否,1
Galactic Orbital Death Sport,"独立,体育,动作,多人,街机",MECH'AT,Plug In Digital,43,PC,多人,是,1
Sqvishy,"动作,独立,解谜,彩色,猫,控制器,放松",James Makes Games Ltd,James Makes Games Ltd,6,PC,单人,否,1
火箭星战 Star-Rocket Strike,"冒险,独立,休闲,第三人称射击",ChuMoran,ChuMoran,15,PC,单人,是,1
Super Angling,"休闲,独立,冒险","Instance Entertainment, LLC","Instance Entertainment, LLC",15,PC,单人,否,1
Circle Rally Party,"休闲,独立,动作,竞速,二维,欢乐,纵轴,控制器,卡通,卡通化,喜剧,彩色,多人,小游戏,本地合作,合作,越野,毁灭,可爱,驾驶",Yvo Geldhof,Yvo Geldhof,26,PC,多人,否,1
Narwhar Project Hornwhale,"动作,独立,冒险,清版射击,二维,怀旧,街机,横向滚屏,像素图形",AB,AB,22,PC,单人,否,1
Cannibal Chickens,"休闲,独立,玩家对战,二维,竞技,欢乐,卡通化,彩色,4人本地,阖家,2D 平台,手绘,本地多人,控制器,多人,动作,平台游戏",Andrew Simpson,Angry Fist Games,22,PC,本地多人,否,1
Monkeys Ahoy,"策略,休闲",Fishing Cactus,Plug In Digital,22,PC,其他,否,1
Luminous Combat,"动作,独立,第一人称射击,第一人称视角,多人","Apefoot Studios, LLC","Apefoot Studios, LLC",11,PC,多人,否,1
Pipes Racer,"竞速,街机,多人,分屏",Mad Mag Store,Mad Mag Store,22,PC,多人,否,1
Bierwagen Rush,"休闲,独立,分屏,合作,欢乐,彩色,纵轴,3D 平台,本地多人",Leme Interactive,Leme Interactive,32,PC,合作,否,1
CHEXS,"策略,棋类",Turnopia,Turnopia,31,PC,单人,否,1
Data mining 4,"休闲,独立,单人,彩色,解谜,物理,怀旧,经典,快节奏,横向滚屏,二维,复古,抽象,重玩价值,可爱,阖家,放松,短片,风格化,困难",Blender Games,Blender Games,11,PC,单人,否,1
Olympics VR,"独立,休闲,模拟,体育,抢先体验",Anarkica Games,Anarkica Games,6,PC,单人,否,1
Rogue Buddies - Aztek Gold,"动作,冒险",Brutal Studio,Brutal Studio,15,PC,单人,否,1
The Red Moon,"角色扮演,抢先体验,动漫,成人,砍杀,RPG制作大师",Pink Cloud,Pink Cloud,22,PC,单人,否,1
Stellar Warrior,"动作,独立,休闲",XiNFiNiTY Games,XiNFiNiTY Games,11,PC,单人,否,1
Good Boy!,"二维,平台游戏,动作,冒险,独立,模拟,色情内容",FastGame,FastGame,6,PC,单人,否,1
Kubik,"独立,休闲",baKno Games,baKno Games,,PC,单人,是,1
Freedom March: Rebel Leader,"政治模拟,独立,休闲,二维,政治,纵轴,政治性,动作,策略,极简主义",Gamenesis,Gamenesis,18,PC,单人,是,1
Neon Infinity,"动作,独立,清版射击,二维,街机,合作,快节奏,太空,复古,科幻,像素图形,怀旧,未来,短片,多人,本地合作,物理,极简主义,赛博朋克,风格化",Halcyon Day Digital Co,Halcyon Day Digital Co,6,PC,合作,否,1
TublerVR,"策略,动作,独立,休闲,模拟,冒险",Reto Kolly,SiliconWetware,48,PC,单人,否,1
砌墙 Qi Qiang,"休闲,独立,模拟,物理,解谜",CAI KAI,CAI KAI,25,PC,单人,是,1
Brick Breaker Bunch,"独立,休闲,像素图形,好评原声音轨,合作,赛博朋克",Tapio Holopainen,Funky Monk Games,11,PC,合作,否,1
Deep Horizon,"休闲,动作,独立",Ventura Science,Ventura Science,11,PC,单人,否,1
Quantum Pilot,"动作,独立,策略,清版射击",Quantum Productions,Quantum Productions,,PC,单人,否,1
Geared,"独立,策略,解谜","Playful Art, LLC","Playful Art, LLC",28,PC,单人,否,1
I'm the Koala,"独立,休闲,动作,冒险,策略",Kain Swartzbaugh,Kain Swartzbaugh,11,PC,单人,否,1
Angry King,"独立,动作,休闲",PixToPix Studios,Firehawk Studios,,PC,单人,否,1
Defend Your Kingdom,"动作,独立,策略",Burning Pick Entertainment,Burning Pick Entertainment,21,PC,单人,否,1
RATTUS,"动作,独立,街机,极简主义,弹幕射击","tio_jolo,Helado,lontro",Panatails,6,PC,单人,是,1
Malfortune,"动作,独立,冒险,双摇杆射击,像素图形,弹幕射击,困难",Andy Imm,Restful Panic ltd,22,PC,单人,否,1
COH2 - The Western Front Armies: Oberkommando West,"策略,二战,多人,即时战略,单人","Relic Entertainment,Feral Interactive (Mac),Feral Interactive (Linux)","SEGA,Feral Interactive (Mac),Feral Interactive (Linux)",39,PC,多人,否,1
SARE  Inception,"动作,冒险",Sars Medya,Sars Medya,11,PC,单人,否,1
Fisher Fans VR,"动作,休闲,虚拟现实",Value,Value,40,PC,单人,是,1
TROID BLASTER,"动作,独立,科幻,太空,街机,永久死亡,类Rogue",KINGSGUARD GAMES,KINGSGUARD GAMES,11,PC,单人,否,1
Akin Vol 2,"独立,休闲,解谜,二维,单人,放松",ThinkOfGames,ThinkOfGames,15,PC,单人,否,1
The Ancient Remains,"冒险,动作,独立,角色扮演,抢先体验,虚拟现实",Outhouse Games,Outhouse Games,36,PC,单人,否,1
Colo Grid Zation,"策略,独立,管理",Armagedoom Games,Armagedoom Games,18,PC,单人,否,1
Third Rule of Universe,"动作,独立,角色扮演",Mifos Games,Mifos Games,18,PC,单人,否,1
Jack Spriggan,"动作,冒险,虚拟现实",Vertexherder,Vertexherder,45,PC,单人,否,1
Keys,"独立,恐怖,喜剧,剧情丰富,惊悚,单人",Bloody Forehead Entertainment,Bloody Forehead Entertainment,6,PC,单人,否,1
OneJump,"休闲,独立,二维,极简主义,本地多人",Felix T. Vogel,Felix T. Vogel,6,PC,本地多人,否,1
Steampunk Graveyard,"休闲,动作,冒险,独立,平台游戏,蒸汽朋克,横向滚屏,二维,单人,轻度 Rogue,僵尸,恐怖,血腥,程序生成,机器人,女性主角,控制器,无声主角,地底,阖家",Bad Logic Studios,Bad Logic Studios,15,PC,单人,是,1
tick-hunter,"动作,独立",StalkerAlex,StalkerAlex.,6,PC,单人,否,1
Beta Runner,"独立,休闲,模拟,冒险",Lightsoutgames,Lightsoutgames,免费游玩,PC,单人,否,1
DELIVERED!,"休闲,独立,动作,模拟,抢先体验",Rail Cat Games,Rail Cat Games,18,PC,单人,是,1
No God for Us,"冒险,独立,休闲,探索",Endrit Special Poductions,Endrit Special Poductions,18,PC,单人,否,1
Streets of Neotokio,"动作,抢先体验,独立,角色扮演,冒险","Samurai Monkeys,ESAT",ESAT,免费,PC,单人,否,1
Tank 51,"动作,独立,休闲,冒险,坦克",Daimen Gaming,Daimen Gaming,6,PC,单人,否,1
Hoop Route,"独立,虚拟现实",Neither One Games,Neither One Games,15,PC,单人,否,1
TERRAGEARTH,"冒险,独立",Denis Isakov,Denis Isakov,22,PC,单人,否,1
Ghost Dimension,"动作,休闲,独立,竞速,冒险",Saulo Rosart,Saulo Rosart,11,PC,单人,否,1
RD's Adventure Mini Golf,"休闲,独立,模拟,体育",Gear Worx Productions,Gear Worx Productions,37,PC,单人,否,1
Keatz: The Lonely Bird,"独立,动作,平台游戏,剧情丰富,二维,像素图形,怀旧,困难,单人,冒险",Anamik Majumdar,Anamik Majumdar,15,PC,单人,否,1
Space Hit,"独立,休闲",Artur Rezende,Artur Rezende,6,PC,单人,否,1
The Mystery of Happyville,"动作,冒险,独立,休闲,血腥,暴力,4人本地,恐怖,本地多人",Studio HK,Studio HK,22,PC,本地多人,否,1
Aztec Number,"独立,解谜",CTU,CTU,15,PC,单人,否,1
Pilli Adventure,"动作,冒险,独立",Tavo,Calaca studios ,22,PC,单人,否,1
Dead of Night,"动作,冒险,独立,血腥,暴力,怀旧,吸血鬼,像素图形",Aaron Cochrane,Aaron Cochrane,11,PC,单人,否,1
萌娘战记,"休闲,策略,冒险",厦门玩美网络有限公司,玩美游戏,11,PC,单人,是,1
SUBURI,"教育,游戏开发",SHI LIN,SHI LIN,26,PC,其他,否,1
Naklua VR,"冒险,独立,抢先体验,休闲,体育",Fly Dream Dev,Fly Dream Dev,37,PC,单人,否,1
Matter of the Dreams,"动作,独立,血腥,虚拟现实",Zuev Nikita,Zuev Nikita,26,PC,单人,否,1
Doll,"独立,冒险,探索,恐怖,女性主角,视觉小说,剧情丰富,心理恐怖,手绘,步行模拟,黑暗,悬疑,氛围,休闲",Braisque,Braisque,26,PC,单人,否,1
Save Dash,"动作,独立",10ravens s.r.o.,10ravens s.r.o.,15,PC,单人,否,1
Claybreaker - VR Clay Shooting,"动作,独立,模拟,体育,抢先体验,虚拟现实",Ammonite Design Studios Ltd,Ammonite Design Studios Ltd,68,PC,单人,否,1
Tile Typer,"独立,休闲",Divagated,Divagated,6,PC,单人,否,1
Forest of Evil,"动作,血腥,暴力,独立,冒险",Brown Studios,Brown Studios,15,PC,单人,否,1
Rome Circus Maximus: Chariot Race VR,"竞速,虚拟现实",Vicente Rosell Roig,Vicente Rosell Roig,15,PC,单人,否,1
Team A.R.G. Anthology,"独立,休闲","Team A.R.G.,Blake W. Ford",Radical Piece,免费,PC,单人,否,1
Beat Or Die The MiniGames,"动作,竞速,冒险",DragoNNFox Games,DragoNNFox Games,26,PC,单人,否,1
The war god : The artifact,"动作,冒险,虚拟现实",Zhejiang TQHY Technology,Zhejiang TQHY Technology,25,PC,单人,是,1
Myriad Tower Defense,"休闲,独立,策略",Jumpmen Gaming,Jumpmen Gaming,22,PC,单人,否,1
House Number 666,"冒险,独立,休闲,恐怖,像素图形,单人,生存恐怖,剧情丰富,二维,怀旧,复古,卡通化,探索,极简主义,氛围,黑暗,短片,纵轴,阖家,魔法",Anamik Majumdar,Anamik Majumdar,6,PC,单人,否,1
Scenner,"冒险,独立,动作,暴力,科幻,生存恐怖,惊悚,第一人称视角,氛围,黑暗,无声主角,单人,未来,科学,步行模拟,剧情,动作冒险,困难,生存,解谜",mexicoz,mexicoz,28,PC,单人,否,1
Spacky's Nightshift,"独立,生存恐怖,恐怖,街机,氛围",HawkSandwich,HawkSandwich,22,PC,单人,否,1
Haunted Hotel: Stay in the Light,"策略,独立,模拟",JRad Games,JRad Games,25,PC,单人,否,1
Intrusion Protocol,"独立,动作,像素图形,怀旧,困难,平台游戏,快节奏,二维",Somber Dawn Studios,Somber Dawn Studios,15,PC,单人,否,1
Divide & Conquer,"动作,冒险,休闲,独立,策略,抢先体验",Lunchbox Edu,Lunchbox Edu,Divide &amp; Conquer Demo,PC,单人,否,1
Ventura Inc,"大型多人在线,抢先体验,模拟,策略,独立",Ben Strijbos,Ben Strijbos,67,PC,大型多人在线,否,1
Turn-Based Champion,"独立,角色扮演,回合制战斗,像素图形,本地多人,4人本地,怀旧,二维,休闲,阖家,回合制",Searchlight Games,Searchlight Games,18,PC,本地多人,否,1
METATRON CUBE,"休闲,动作,独立,冒险,模拟,第一人称射击",NEO.ca,NEO.ca,41,PC,单人,否,1
PLUGMAX,"休闲,动作,独立,竞技,欢乐",TinyAssociatesBand,TinyAssociatesBand,6,PC,单人,是,1
Romans From Mars,动作,SideKick,Majesco Entertainment,22,PC,单人,否,1
Cursed Pagoda,"休闲,独立,纸牌,剧情丰富,卡牌游戏,悬疑,单人,桌游",Weekend Panda,Weekend Panda,37,PC,单人,否,1
Refinish Network - Paintboss VR,"休闲,模拟,虚拟现实",Justin Jimmo,Justin Jimmo,15,PC,单人,否,1
OverKill,"动作,独立,休闲",Kezarus,Kezarus,6,PC,单人,否,1
After Rain: Phoenix Rise,"动作,冒险,独立",DV8Games,DV9DESIGN,28,PC,单人,否,1
Layers,"独立,休闲,解谜,平台游戏,单人,平台解谜",Salus Games,Salus Games,6,PC,单人,否,1
B A S E M E N T,"独立,恐怖,历史",.,.,,PC,单人,否,1
Final Mission VR,"动作,独立,冒险,虚拟现实,科幻,射击,外星人,怀旧,清版射击",OCIO Games,OCIO Games,22,PC,单人,否,1
Primal Lands,"模拟,血腥,独立,休闲",BlockheadGames,BlockheadGames,6,PC,单人,否,1
Haustoria,"独立,冒险,平台解谜,平台游戏,解谜,二维,魔法,氛围,卡通化,卡通,黑暗奇幻",Antares Games,Antares Games,22,PC,单人,否,1
Aigor Escape from Bishop,"冒险,独立,色情内容,恐怖,经典,指向 &amp; 点击,制作,喜剧,探索,欢乐,氛围,悬疑","Emiliano Giuliante,Adriano Cerroni,Serena Aronica","Emiliano Giuliante,Adriano Cerroni,Serena Aronica",57,PC,单人,否,1
Statue Defender,"动作,角色扮演,独立,血腥,暴力",Glimma Games,Glimma Games,6,PC,单人,否,1
Solitude - Escape of Head,"冒险,独立,解谜,开放世界",Threear.Vision,Threear.Vision,22,PC,单人,否,1
Yama,"动作,冒险,角色扮演,血腥,暴力",Ivan Huang,Ivan Huang,,PC,单人,是,1
Never Not Shooting,动作,Hand Cannon Games,Hand Cannon Games,18,PC,单人,否,1
Forest monster,"动作,独立,冒险,角色扮演,第三人称视角",麦克儿,麦克儿,111,PC,单人,否,1
Topfold,"休闲,独立,解谜,困难,策略",cBlck,cBlck,6,PC,单人,否,1
Terra Lander II - Rockslide Rescue,"独立,休闲,怀旧,太空,科幻",DM Media,Funbox Media Ltd,22,PC,单人,否,1
Unnamed VR,"动作,体育,冒险,沙盒,独立,休闲,阖家,小游戏,解谜,虚拟现实","Sheetal,Bibek",Paracosma Inc,37,PC,单人,否,1
Madland,"动作,独立,冒险",METAL SOURCE STUDIOS,METAL SOURCE STUDIOS,28,PC,单人,否,1
出门,独立,likang,likang,7,PC,单人,是,1
RetroVamp,"独立,休闲",DavideJ,DavideJ,28,PC,单人,否,1
Hamster Daily,"独立,休闲",lojq studio,lojq studio,6,PC,单人,是,1
Killer Klownz,"动作,暴力,冒险,模拟,虚拟现实",Peter Labick,Peter Labick Development,11,PC,单人,否,1
Darkest Wave,"动作,清版射击",Duckman Army Games,Duckman Army Games,22,PC,单人,否,1
StopTime Drive,"休闲,独立,纵轴,解谜,竞速,回合制,好评原声音轨",vaniloput games,vaniloput games,11,PC,单人,否,1
ESCAPE FROM VOYNA: ALIENS FROM AREA 51,"动作,独立,模拟,血腥",Dead Crow,Dead Crow,43,PC,单人,否,1
Fables of Talumos,"动作,独立,冒险,动作冒险,角色扮演,像素图形",Cheesemaster Games,Cheesemaster Games,35,PC,单人,否,1
圣山ShenShan,"冒险,独立,抢先体验","lynchhead,lynchhead",lynchhead,15,PC,单人,是,1
Gamma Blast,"动作,独立,弹幕射击,清版射击,街机,射击",Ilias Giouroukis, ,6,PC,单人,否,1
Hauntsters,"动作,独立",Shark Tree Studios,Shark Tree Studios,21,PC,其他,否,1
Retro Vision,"独立,音乐,街机,休闲,竞分,音乐动态生成,彩色,放松,欲罢不能,快节奏,好评原声音轨,80 年代",Obulum,Obulum,18,PC,单人,是,1
Black Bart,"冒险,独立,休闲,西部",Parmenion Games,Parmenion Games,6,PC,单人,否,1
Battle for Mountain Throne,"动作,冒险,虚拟现实,独立,奇幻,龙,竞技场射击",Random Bird games,Droid Riot,32,PC,单人,否,1
Tempo Wizard,"独立,休闲",Tempo Wizard,Tempo Wizard,6,PC,单人,否,1
Deadly Silence,"血腥,暴力,独立,动作,冒险,竞速,裸露,恐怖,僵尸,鲜血,射击,动作冒险,格斗",Electrical Eagle,Electrical Eagle,26,PC,单人,是,1
Gummy Goo Clean Up,"动作,冒险,独立,抢先体验,平台游戏",Gummy Studios,Gummy Studios,,PC,单人,否,1
liquivid Easy Cinemagraph,视频制作,nullplussoftware,nullplussoftware,138,PC,其他,是,1
DEBUFF,"体育,动作,独立,休闲,角色扮演",Playito.com,Playito.com,18,PC,单人,否,1
NickProject,"独立,动作,冒险",Velaris Studio,Velaris Studio,11,PC,单人,否,1
Protagon,"休闲,独立,虚拟现实",Digital Eel,Digital Eel,36,PC,单人,否,1
Stars and Snowdrops,"冒险,独立,视觉小说,爱情,女性主角,奇幻",Ithaqua Labs,Ithaqua Labs,11,PC,单人,否,1
Star Gods,"动作,独立,弹幕射击,清版射击,街机,射击,垂直卷轴射击,好评原声音轨,轨道射击",JOP Studios,JOP Studios,11,PC,单人,否,1
Danger Close!,"动作,独立",Magical Hackers,Magical Hackers,22,PC,单人,否,1
Megatronic Void,"动作,独立,平台游戏,冒险,怀旧,困难,射击,控制器,科幻,休闲,外星人",Firestorm Entertainment,Droid Riot,18,PC,单人,否,1
ReMind VR: Daily Meditation,教育,Free Range Games,Vive Studios,22,PC,其他,否,1
Dangerous Level,"独立,冒险,单人,休闲,解谜,二维,氛围,大师级,横向滚屏,快节奏,放松,逻辑,音乐,好评原声音轨",Hardcore__Games,Hardcore__Games,6,PC,单人,否,1
8 Eyes,"动作,冒险,怀旧,平台游戏",Thinking Rabbit,Piko Interactive LLC,28,PC,单人,否,1
Temple of Spikes,"独立,动作,冒险,子弹时间,时空操控",Tigrido Inc,Tigrido Inc,37,PC,单人,否,1
Rocket Shooter,"动作,体育",VLLADGET,VLLADGET,28,PC,单人,否,1
Space Armor 2,"冒险,角色扮演,独立",Ophyer,Ophyer,6,PC,单人,否,1
Super Hyperactive Ninja,"动作,独立,平台游戏,忍者,街机,本地多人,控制器,困难,卡通,格斗",Grimorio of Games,JanduSoft S.L.,Super Hyperactive Ninja Demo,PC,本地多人,否,1
Si Kancil : The Adventurous Mouse Deer,"冒险,独立,休闲",Binarystudio 54,Binarystudio 54,6,PC,单人,否,1
Tomb Reader: TrapLand,"冒险,独立","Andrey Larionov, Ramin Budagov",Versus Studio,11,PC,单人,否,1
The Summoning,"冒险,角色扮演,模拟,恐怖,心理恐怖,视觉小说,剧情丰富,独立,休闲,氛围,选择取向",Randumb Studios,Randumb Studios,22,PC,单人,否,1
The Disgusting Slaughterman,"动作,独立,休闲,冒险,抢先体验,血腥,暴力,裸露",RatByte Games,RatByte Games,48,PC,单人,否,1
Thanks For Listening,"冒险,休闲,独立","Christopher Chang,Makena Williams",Christopher Chang,6,PC,单人,否,1
Need for Spirit: Off-Road Edition,"休闲,竞速,独立,模拟,体育,冒险,汽车模拟,驾驶,第一人称视角,现代,复古,好评原声音轨,第三人称视角,黑暗,拟真,困难,放松,氛围,喜剧,欢乐","Atomic Fabrik,Cristian Manolachi","Atomic Fabrik,Cristian Manolachi",11,PC,单人,否,1
Try not to die,"休闲,独立,策略","FangRunQiang,FangRunQiang",FangRunQiang,6,PC,单人,否,1
The Base,"策略,独立",GMGame,GMGame,6,PC,单人,否,1
Achievement Machine: Cubic Chaos,"独立,休闲,轻游戏,阖家,等角,仅鼠标,氛围,单人,风格化,彩色,抽象",Wonderbox Games,Wonderbox Games,26,PC,单人,是,1
Road Legends,"休闲,竞速,好评原声音轨,音乐动态生成,独立",Art Of Adventures,Art Of Adventures,18,PC,单人,是,1
Mannerheim Virtual Experience,教育,CTRL Reality Oy,"Sodan ja rauhan keskus Muisti,Päämajamuseo",免费,PC,其他,否,1
The Reaction,"休闲,独立,多人,单人,困难,解谜",AlyStudio,AlyStudio,15,PC,多人,否,1
Gold Digger Maze,"独立,休闲,冒险",Bullid Games,Bullid Games,15,PC,单人,否,1
Cubeology,"休闲,解谜,3D","Creative Digital Design,Doofah Software",Creative Digital Design,18,PC,单人,否,1
天空傳説,"休闲,独立,角色扮演,RPG制作大师",Magic Factory,Magic Factory,37,PC,单人,是,1
VR Squash 2017,"体育,模拟,虚拟现实",David Cseh,David Cseh,67,PC,单人,否,1
The Virtual Reality Museum of Immersive Experiences,"独立,模拟,虚拟现实",Volker Kuchelmeister,http://kuchelmeister.net,免费游玩,PC,单人,否,1
Prison Chainball Massacre,"动作,独立,休闲",Svarog Studios,Back To Basics Gaming,11,PC,单人,否,1
MEMORISE : CREATION,"独立,休闲",INDIEPLAY,INDIEPLAY,6,PC,单人,否,1
Eon,"策略,动作,独立,休闲,解谜,极简主义",pengaru.com,pengaru.com,15,PC,单人,是,1
Avalo Legends,"动作,独立,抢先体验","Spooky Waffle,ESAT",ESAT,免费,PC,其他,否,1
Dizzy Dungeon,"策略,角色扮演,独立,解谜",DigiFeather,DigiFeather,22,PC,单人,是,1
Mr Boom's Firework Factory,"动作,独立,休闲,模拟,解谜,控制器,即时含暂停,单人,困难,阖家,单线剧情,3D,欢乐,街机,快节奏,时间管理",Brainbox.cc,Brainbox.cc,43,PC,单人,否,1
Flying Baron 1916,"动作,模拟",magnussoft,magnussoft,48,PC,单人,否,1
Legend of the Sword,"冒险,奇幻,解谜,经典,80 年代",Silicon Software,Mirrorsoft,28,PC,单人,否,1
A Long Stroll,"冒险,放松,二维,氛围,唯美",Nanasi Project,Nanasi Project,免费,PC,单人,否,1
Battle Ion,"动作,独立,虚拟现实",Sprocket Crash Games,Sprocket Crash Games,11,PC,单人,否,1
ポエニ戦争　地中海の稲妻,"策略,独立,模拟",Swan LLC,Swan LLC,35,PC,单人,否,1
Magistrangers,"冒险,视觉小说",Ilya Razinkov,Gamerotor,免费开玩,PC,单人,否,1
King of the Dead,"动作,冒险,独立,休闲",Sunfall games,Sunfall games,15,PC,单人,否,1
Vanquish: The Adventures of Lady Exton,"动作,冒险,独立,女性主角,平台游戏,二维",Runestone Studios,Tasaa Software Services Pvt. Ltd.,36,PC,单人,否,1
VReakout,"动作,休闲,独立,虚拟现实",Animate Objects,Animate Objects,31,PC,单人,否,1
Table Manners,"独立,策略,抢先体验,回合制,回合战略,回合制战斗,日系角色扮演,回合制战术",Maybe Later Games,Maybe Later Games,22,PC,单人,否,1
安全教育,"血腥,冒险,虚拟现实",Colyu,Colyu,513,PC,单人,是,1
Color ball,"休闲,独立,模拟,体育,策略,动作",CHEN HAO,CHEN HAO,32,PC,单人,否,1
Comit the Astrodian 2,"独立,平台游戏,二维,单人",LunarCore Games,LunarCore Games,6,PC,单人,否,1
Underground Miner,"休闲,独立,冒险,采矿,2D 平台",Beeast Soft,Beeast Soft,37,PC,单人,否,1
Steel Fight,"动作,独立,格斗,2D 格斗",Morphusion Games,Morphusion Games,6,PC,单人,否,1
Avoidon,"休闲,独立",Pankabre,Pankabre,22,PC,单人,是,1
Weaving,"独立,休闲",Bitlock Studio,Bitlock Studio,6,PC,单人,否,1
Ball Escape,"策略,冒险,休闲",M. Wenzel,M. Wenzel,6,PC,单人,否,1
Lighthockey,"独立,休闲,体育,动作",Aries-Lenov,Aries-Lenov,11,PC,单人,否,1
Thug Life,"冒险,暴力,动作,独立,虚拟现实",U24 Solutions,U24 Solutions,35,PC,单人,否,1
HIGHRISE,"动作,独立,血腥,暴力",AzboWilson,AzboWilson,26,PC,单人,否,1
Cosmic Buddies Town,"策略,模拟","Ghost Clusters,NYX Digital Ltd","Funbox Media Ltd,KISS ltd",15,PC,单人,否,1
SpaceGeon,"动作,独立,抢先体验,暴力,角色扮演,快节奏,可模组化,模组,类Rogue",Surtr Nerd,Surtr Nerd,32,PC,单人,否,1
Denki Gaka's Bombshell,"策略,休闲",Denki Gaka,Denki Gaka,15,PC,单人,否,1
Soul for two,"冒险,独立,角色扮演,RPG制作大师",GefestGames,GefestGames,6,PC,单人,否,1
Ocean's Crabellum,"动作,独立",Crabellum Games,Crabellum Games,22,PC,单人,否,1
まぜっこタワー,"角色扮演,独立,类Rogue",Neuron Flare Works,Neuron Flare Works,37,PC,单人,否,1
Stupid Cupid,"休闲,独立,抢先体验,模拟,喜剧,街机,欢乐,单人,彩色,阖家,虚拟现实,第一人称射击,解谜,奇幻,沙盒,第一人称视角,可爱,动作",Shadow Factory,Shadow Factory,26,PC,单人,否,1
Ghoul Britannia: Land of Hope and Gorey,"冒险,抢先体验,指向 &amp; 点击",Binary Space,Binary Space,50,PC,单人,否,1
Cubion,独立,BBit,BBit,免费开玩,PC,单人,是,1
Doler,"动作,独立,冒险,恐怖,可爱,异步多人",Sokpop Collective,Sokpop Collective,15,PC,异步多人,否,1
Space Digger,"独立,休闲,太空,街机,喜剧,竞分,动作,垂直卷轴射击","Philllchabbb,Lystek",Lystek,11,PC,单人,否,1
FreeFlight,"独立,休闲,模拟,抢先体验",aptk,aptk,11,PC,单人,是,1
Erwin's Timewarp,"独立,抢先体验,策略,冒险,解谜,动作冒险,卡通",Jayanam,Jayanam,36,PC,单人,否,1
Comit the Astrodian 3,独立,LunarCore Games,LunarCore Games,6,PC,单人,否,1
Fruit for the Village,"独立,休闲,虚拟现实,轻游戏,记叙,剧情丰富,彩色",Eerie Bear Games,Eerie Bear Games,15,PC,单人,否,1
The Volcano,"独立,休闲",Sukru Erdem SAHIN,Sukru Erdem SAHIN,11,PC,单人,否,1
Izeriya,"冒险,独立,动作,平台游戏",LigaGamesStudio,LigaGamesStudio,6,PC,单人,否,1
Classic Card Game Texas Hold'em,"策略,休闲,体育,卡牌游戏,回合战略",Webfoot,Encore Software LLC ,11,PC,单人,否,1
Bepuzzled Kittens Jigsaw Puzzle,"休闲,解谜,猫,可爱,心理恐怖",Team Spikkeee,Spikkeee,11,PC,单人,是,1
Gump,"免费,冒险,独立",Ursine,Ursine,,PC,单人,否,1
Beach Ball Valley,"休闲,模拟,体育,抢先体验,虚拟现实",Paul Eckhardt,Paul Eckhardt,15,PC,单人,否,1
TRUTH OF FALCHION,"角色扮演,动作,休闲,策略,冒险,独立",Modii Games,Modii Games int.,6,PC,单人,否,1
Tank Impact,"休闲,动作,独立",MiCake,MiCake,6,PC,单人,否,1
Costumenaut,"动作,独立,轻度 Rogue,垂直卷轴射击,职业导向,清版射击,科幻,像素图形,困难,射击,二维,奇幻,血腥,竞分,竞技场射击,类Rogue",Yaida,PsychoFlux Entertainment,22,PC,单人,否,1
One More Night: BiO Clinic,"独立,策略,恐怖",Stephen Wu,Stephen Wu,22,PC,单人,否,1
3D Sprite Renderer and Convex Hull Editor,动画制作和建模,DMD 'Ware,DMD 'Ware,88,PC,其他,否,1
Smoker The Car Game,"独立,休闲,抢先体验,模拟,竞速,体育",(STCG) Smoker The Car Game,(STCG) Smoker The Car Game,39,PC,单人,否,1
Nova Wing III,"动作,休闲,独立,合作,清版射击,科幻,双摇杆射击",Sub Orbital Software,Sub Orbital Software,6,PC,合作,否,1
Lost Route,"抢先体验,冒险,独立,虚拟现实",Imbanova Entertainment Inc., Imbanova Entertainment Inc.,21,PC,单人,否,1
Divan Chronicles,"冒险,角色扮演,RPG制作大师",HJ GAMES,HJ GAMES,18,PC,单人,否,1
Reach Coin,"独立,休闲,模拟,冒险,竞速",Paulo Henrique Pedrassi,Paulo Henrique Pedrassi,6,PC,单人,否,1
WarFire,"动作,独立",D&amp;K Games Studio,D&amp;K Games Studio,52,PC,单人,是,1
Free At Last,"休闲,独立,冒险",Brandon J Hilde,Brandon J Hilde,28,PC,单人,否,1
Forsaken Generation,"角色扮演,回合制,复古,RPG制作大师",MSRX22,MSRX22,6,PC,单人,否,1
Debris Field,"动作,独立,太空,垂直卷轴射击,轻度 Rogue,科幻,清版射击,困难,伪3D,街机",Binary Nomad Games,Binary Nomad Games,37,PC,单人,否,1
VIRUS OF SURVIVORS:LIFE SIMULATOR,"模拟,动作,冒险,疫病爆发模拟",Theodor Niklas,Theodor Niklas,36,PC,单人,否,1
Condition Red,"抢先体验,动作,独立,休闲,横向滚屏",Nervtek,Nervtek,22,PC,单人,否,1
Valley Run,"动作,休闲,竞速,虚拟现实",Alliance4devs,Alliance4devs,22,PC,单人,否,1
Upside-Down Dimensions,"独立,动作,冒险,角色扮演,抢先体验,砍杀,潜行,忍者,剑术,女性主角,怀旧,阖家,3D 平台,解谜,奇幻,平台解谜",Hydra Interactive,Hydra Interactive,52,PC,单人,否,1
Unveloped,"冒险,独立,休闲",Lazy Gaming,Lazy Gaming,Demo,PC,单人,否,1
Deadly Kingdom,"动作,独立,冒险,策略,第三人称视角,僵尸,恐怖,血腥,暴力,鲜血,大逃杀,格斗,战争,战争游戏,动作冒险",Electrical Eagle,Electrical Eagle,80,PC,单人,否,1
Soul Of Mask (SoM),独立,Alain Perrin,Alain Perrin,6,PC,单人,是,1
Aleph Null,"休闲,抢先体验,模拟,动作,虚拟现实,平台游戏,3D 平台",Aleph=Null,Aleph=Null,6,PC,单人,否,1
Robot King Part 2: Boss Battles,"动作,独立",Steven Taylor,Steven Taylor,11,PC,单人,否,1
BlockAid,"休闲,策略,独立,解谜",SEGA Hardlight™,War Child Gaming,100,PC,单人,否,1
The detective ChuLin,"冒险,角色扮演,独立,策略",Lan Yu,Lan Yu,10,PC,单人,是,1
Psychic Isolation,"动作,独立,暴力,抢先体验,恐怖,生存恐怖,心理恐怖,记叙","thiefbug,Nocthulus",thiefbug,31,PC,单人,否,1
Hide N Seek VR,"独立,休闲,抢先体验,虚拟现实",Antoine Rigitano,Antoine Rigitano,22,PC,其他,否,1
Power Punch II,动作,"Beam Software,American Softworks",Piko Interactive LLC,22,PC,单人,否,1
Tomato Jones - Episode 3,"独立,休闲,动作,冒险",HA Studio Ltd.,HA Studio Ltd.,15,PC,单人,是,1
Gems,"独立,休闲",baKno Games,baKno Games,22,PC,单人,是,1
Spork: The Manic Utensil Storm,"动作,休闲,角色扮演,独立,策略",DocksonWedge,DocksonWedge,免费游玩,PC,单人,否,1
A Business Power,模拟,S.A. DigiWorks,S.A. DigiWorks,22,PC,单人,否,1
Pure Football 2018,"模拟,体育,抢先体验,足球/美式足球",PureFootball,PureFootball,50,PC,单人,否,1
Dawn of the Robot Empire,"动作,独立,抢先体验,虚拟现实","oeFun, Inc.","oeFun, Inc.",26,PC,单人,否,1
Beyond Tokyo,"教育,冒险,虚拟现实",The Soap Collective,"All Nippon Airways,World Innovation Lab",22,PC,其他,否,1
CMD 2048,"休闲,独立",Ruskija game experience,Tero Lunkka,6,PC,单人,否,1
火柴人和七色彩虹 Stickman's Rainbow,"独立,休闲,模拟",kx120,kx120,6,PC,单人,是,1
Anime Girl Slide Puzzle,休闲,Top Hat House,Top Hat House,11,PC,单人,否,1
Planet Guardian VR,"动作,抢先体验,虚拟现实,休闲,独立,快节奏,太空,单人,程序生成,阖家,氛围,解谜",Shy Robot Games,Shy Robot Games,45,PC,单人,否,1
Kamio Recoil,"独立,动作,动漫,女性主角,清版射击,二维",Shindenken,Hanaji Games,31,PC,单人,否,1
Arkball,"独立,休闲,动作",Roman Digital,Roman Digital,6,PC,单人,否,1
Glow Ball - Not A Billiard Puzzle Game,"独立,休闲",WTFOMGames,WTFOMGames,18,PC,单人,否,1
BAPTISM,"独立,视觉小说,短片,黑暗",Samantha Arehart,Samantha Arehart,11,PC,单人,否,1
Alone In The Forest VR,"动作,独立,解谜,恐怖,虚拟现实",Ovidiu Chis,Ovidiu Chis,15,PC,单人,否,1
New World: The Tupis,"冒险,动作,独立",Novo Mundo,Novo Mundo,15,PC,单人,否,1
Hero's Journey,"独立,休闲,冒险,单人,2D 平台",Kaan Bukusoglu,Kaan Bukusoglu,免费开玩,PC,单人,否,1
Splash Bash,独立,Rovio Sweden AB,War Child Gaming,100,PC,其他,否,1
Free Balling,"休闲,动作,独立,网红,心理恐怖",Skunk Software,Skunk Software,36,PC,单人,否,1
The Chasm,"独立,休闲,动作,冒险","Luca ""Fox"" Giovani","Luca ""Fox"" Giovani",22,PC,单人,否,1
Dead Noir the Heart,"独立,休闲,冒险,灵异",Aundre Rogers,Aundre Rogers,11,PC,单人,否,1
Rise,"独立,动作",New State,New State,11,PC,单人,否,1
Empty Handed,"冒险,角色扮演,独立,血腥,暴力",Stay Awake Games,Stay Awake Games,18,PC,单人,否,1
Try To Reach 10,"休闲,独立,解谜,二维,单人,阖家,逻辑",IanStudio,IanStudio,22,PC,单人,否,1
Horace: First Trip,"独立,冒险",UpReality,UpReality,15,PC,单人,否,1
Cranky Cannon,"独立,休闲,物理,单人,解谜",BCS Games LLC,BCS Games LLC,35,PC,单人,否,1
1 HIT KILL,"独立,动作,像素图形,怀旧,二维,复古,科幻,好评原声音轨,困难,单人,机器人,纵轴,80 年代",DV,David Vecchione,35,PC,单人,否,1
Fair Islands VR,"独立,抢先体验,休闲,模拟,虚拟现实",Lost Bra,Lost Bra,36,PC,单人,否,1
Chameleon Gallery,教育,Chameleon Gallery,Chameleon Gallery,免费,PC,其他,否,1
Alpha Lyrae Discovery,"独立,策略,休闲,角色扮演,模拟,抢先体验",xe2050,"WELOVEBOT CO., LTD.",22,PC,单人,否,1
WyVRn,"动作,独立,虚拟现实,飞行,龙,魔法,僵尸,蒸汽朋克",Studio Asterism,Studio Asterism,32,PC,单人,否,1
TapRPG - Homeland,"冒险,动作,独立,休闲,角色扮演",Raithen,Fiery Phoenix,11,PC,单人,否,1
Adventure in Kana Village,"休闲,冒险,独立,角色扮演,RPG制作大师",CoughCat,CoughCat Software,33,PC,单人,否,1
Hero Index,"动作,独立,抢先体验,虚拟现实,超級英雄",FINGERTIP GAMES,FINGERTIP GAMES,70,PC,单人,否,1
My Own Pet,"独立,休闲,抢先体验,模拟,虚拟现实",JDMSoftware,JDMSoftware,25,PC,单人,否,1
Walk The Light,"独立,冒险,解谜,二维,平台解谜",Anti Crunch Studios,Anti Crunch Studios,21,PC,单人,是,1
AAA—Tank Hero VR,"模拟,策略,角色扮演,独立,虚拟现实",Edougame,Edougame,15,PC,单人,否,1
FirstPlanet,"休闲,独立,策略",WAPle,WAPle,15,PC,单人,否,1
Angle of Attack,"模拟,动作",3000AD,3000AD,36,PC,单人,否,1
Surrogate,"动作,驾驶,非线性,科幻,第一人称视角,第三人称视角,射击,剧情丰富,女性主角",Quiet Storm,Quiet Storm,32,PC,单人,否,1
Human Universe,"策略,独立,模拟,经济,太空",WellTide,WellTide,32,PC,单人,否,1
Alan's Attitude,"独立,冒险,解谜",Filip Lehocky,Filip Lehocky,26,PC,单人,否,1
Stratoscape,"动作,虚拟现实",Human Mode,Human Mode,11,PC,单人,否,1
Evolo.Mine,"独立,休闲",OurLastSpring,Metal Fox,6,PC,单人,否,1
WWTF,"动作,独立",Yarrrg Studios,Yarrrg Studios,11,PC,单人,否,1
The Necklace Of Blood Part II,"独立,血腥,暴力,色情内容,视觉小说",Ramos Entertainment,Ramos Entertainment,50,PC,单人,否,1
Cyclones Playground,"休闲,角色扮演,独立,模拟",DavisTechIndustries,DavisTechIndustries,11,PC,单人,否,1
Starship Disco,"动作,独立,虚拟现实","Solus Games, Inc.","Solus Games, Inc. ",36,PC,单人,否,1
Fat City,"策略,独立,休闲",Heavy Iron Studios,"Heavy Iron Studios, Inc.",37,PC,单人,否,1
TheShooterGame,"暴力,动作,休闲",BeconGamesCorp,BeconGamesCorp,26,PC,单人,否,1
Pet Puzzle,"休闲,模拟",cBlck,Bitlock Studio,6,PC,单人,否,1
Minigame Blast,"独立,动作,小游戏,街机,本地合作,多人,单人",Northern Amusements,Northern Amusements,26,PC,本地合作,否,1
sotas/时空幽灵,"动作,独立,休闲,模拟,冒险,角色扮演",liugao,liugao,15,PC,单人,是,1
M.C.I. Escapes,"抢先体验,角色扮演,独立,冒险,动作",KFA-Games,KFA-Games,26,PC,单人,否,1
Escape Lizards,"动作,独立",Egodystonic Studios,Independent,28,PC,单人,否,1
Colony,"休闲,模拟",Jamie Cunningham,Varitech,6,PC,单人,否,1
Later,"独立,冒险,平台游戏,解谜,末日,二维,氛围,黑暗,平台解谜,悬疑",Little Thingie,Little Thingie,28,PC,单人,否,1
Kill the Superweapon,"动作,独立,双摇杆射击,怀旧,清版射击,科幻,女性主角,像素图形,3D 平台",Renegade Sector Games,Renegade Sector Games,32,PC,单人,否,1
The Adventures of Captain Potato,"休闲,动作,冒险,独立,角色扮演,抢先体验",Graa,Graa,22,PC,单人,否,1
Block Wave,"策略,独立,休闲,虚拟现实,解谜,抢先体验",RLTY CHK,RLTY CHK,33,PC,单人,是,1
Professor Teaches Publisher 2019,软件培训,Individual Software,Individual Software,50,PC,其他,否,1
Anti Air,"动作,休闲,独立,抢先体验,虚拟现实,街机,快节奏,第一人称视角,竞技,科幻",PostBeta,PostBeta,15,PC,单人,否,1
Vilundia,"休闲,奇幻,卡牌游戏,回合制,二维,单人",Spaghetti Code Ltd,Spaghetti Code Ltd,18,PC,单人,否,1
vRhythm,"独立,抢先体验,虚拟现实,节奏",Pixelpointer Studios,Pixelpointer Studios,6,PC,单人,否,1
Flint,"休闲,动作,独立,奔跑",Splendortek,Splendortek,6,PC,单人,否,1
Osmorrow,"冒险,动作,独立,角色扮演",Night Apparatus,Night Apparatus,22,PC,单人,否,1
PASVAN,"独立,单人,黑暗,解谜,平台解谜",Achaemenes,Achaemenes Games,22,PC,单人,否,1
The Writer: A Change Of Identity,"独立,休闲,模拟,恐怖,剧情丰富,单人,氛围",InvertedHuman,InvertedHuman,15,PC,单人,否,1
Interphase,"动作,怀旧,飞行,射击,科幻","The Assembly Line,Image Works",Mirrorsoft,28,PC,单人,否,1
On Board Game,"独立,休闲,RPG制作大师",Stein Bock Games,Stein Bock Games,6,PC,单人,否,1
PlayerOne,"独立,抢先体验",Prime2Gold,Prime2Gold,11,PC,单人,否,1
A Large Quantity Of Mushrooms,"冒险,独立,休闲,抢先体验,虚拟现实",Raw Lion Workshop,Raw Lion Workshop,36,PC,单人,否,1
DriftWay,"独立,抢先体验,休闲,竞速,体育,模拟",PlatSTUDIO," PlatSTUDIO,AFBIK Studio",6,PC,单人,否,1
Offensive Dimensions,"动作,独立,抢先体验,科幻,怀旧,女性主角,恐怖,好评原声音轨",OmicGames,OmicGames,18,PC,单人,是,1
Space Captain McCallery - Episode 2: Pilgrims in Purple Moss,"动作,独立,冒险,怀旧,困难,动作冒险,探索,科幻,单人,第三人称视角,超现实,射击,生存,3D,像素图形,氛围,彩色,物品管理,3D 平台",Renegade Sector Games,Renegade Sector Games,22,PC,单人,否,1
50 Years,"独立,模拟,抢先体验,策略",Jinsimer Games,Jinsimer Games,25,PC,单人,否,1
Go Kart Survival,"独立,休闲,竞速",Tero Lunkka,Tero Lunkka,6,PC,单人,否,1
RGBCELLS,"独立,休闲,解谜,逻辑,策略",SC.Wu,SC.Wu,6,PC,单人,是,1
Climatic Survival: Northern Storm,"策略,独立,模拟",Johannes Förth,Johannes Förth,22,PC,单人,否,1
Viral,"动作,独立,休闲,第一人称射击",Dunfan Lu,Dunfan Lu,6,PC,其他,否,1
Raatihuone,"冒险,虚拟现实","Kainuu Museum,Kajaani University Of Applied Sciences,Finnish Museum Association,Clever Simulation Entertainment",Clever Simulation Entertainment,免费,PC,单人,否,1
Smart Junior Academy - Summer,教育,Format,Formsoft,35,PC,其他,否,1
AirShock,"动作,策略,独立",UA Games,NEBOCRY INTERACTIVE,15,PC,单人,否,1
Your Star,"冒险,角色扮演,独立,生存恐怖,氛围,恐怖",natahem,natahem,11,PC,单人,否,1
Trap,"动作,独立,纵轴,僵尸,射击",Apex,Apex,6,PC,单人,否,1
Zombie Birds First Encounter Halloween,"僵尸,动作,休闲",magnussoft,magnussoft,28,PC,单人,否,1
Unnamed Adventure/无名之旅,"动作,独立,冒险,休闲,平台游戏,类银河战士恶魔城,类魂系列,困难",MAI,MAI,15,PC,单人,是,1
Barrimean Jungle,"动作,冒险,独立,跑酷,动作冒险,解谜,剧情丰富,历史",ONECOMPANY,ONECOMPANY,6,PC,单人,否,1
Woodboy,"动作,独立,冒险",Somnambulist Games,Somnambulist Games,32,PC,单人,否,1
Magic Tavern,"独立,休闲,虚拟现实",Cykyria,Cykyria,6,PC,单人,否,1
Dinosaur Hunter,"动作,恐龙",Gooners Game,Gooners Game,15,PC,单人,否,1
AmazeBowl,"体育,抢先体验","OffWorld Laboratories, Protovate",OffWorld Laboratories ,6,PC,单人,否,1
Snakes - N - Ladders : Origins - Episode 1,"动作,独立",Sagnithi Systems Technology Solutions LLP,Sagnithi Systems Technology Solutions LLP,25,PC,单人,否,1
Mars City,"动画制作和建模,设计与插画,教育,软件培训",Mars Virtual Systems,Mars Planet Technlogies,28,PC,其他,否,1
Purgatory: War of the Damned,"角色扮演,动作,抢先体验,多人",Ironsun Studios,KISS ltd,48,PC,多人,否,1
Milly the dog,"冒险,独立,休闲",Vial games,Vial games,15,PC,单人,否,1
Wizard Hunter 2348,"动作,独立,潜行,困难,未来,合作战役,垂直卷轴射击,选择取向,关卡编辑,恶魔,恶人主角,自然",Foxwarrior Productions,Foxwarrior Productions,22,PC,合作战役,否,1
Champions Forces,"角色扮演,独立,休闲,模拟,二维,像素图形",Alessandra Mercante,Alessandra Mercante,26,PC,单人,否,1
Flying Slime!,独立,SHB soft,SHB soft,22,PC,单人,否,1
Abatron,"策略,动作,独立,抢先体验,射击,即时战略",W3 Studios,W3 Studios,68,PC,单人,否,1
Titanis,"独立,动作,冒险,角色扮演",Silver Goblet Games,Silver Goblet Games,21,PC,单人,否,1
StarDroneVR,"休闲,独立,虚拟现实",Beatshapers Ltd,Beatshapers Ltd,,PC,单人,是,1
Bounders and Cads,"策略,独立,休闲",Wax Lyrical Games,Wax Lyrical Games,,PC,单人,否,1
Christmas Cats Revenge,"动作,独立,休闲,血腥,暴力,猫,平台游戏,喜剧,低容错,二维,复古,像素图形,怀旧,困难,欢乐,单人,欲罢不能,可爱,阖家,控制器",Anamik Majumdar,Anamik Majumdar,6,PC,单人,否,1
War of the Seraphim,"动作,抢先体验,暴力",Mathman21,Mathman21,6,PC,单人,否,1
Foe Frenzy,"动作,休闲,独立,纵轴,格斗",Ellpeck,Ellpeck,43,PC,其他,否,1
Ensign-1,"模拟,动作,独立",Only Human Studios,Only Human Studios,11,PC,单人,否,1
Current,"休闲,独立,解谜,好评原声音轨",LuteGames,LuteGames,6,PC,单人,否,1
Zombie Crisis,"独立,动作,冒险,僵尸",UVWGAME,UVWGAME,12,PC,其他,是,1
Exsys,"动作,独立,抢先体验,清版动作",Peakware Studio,Peakware Studio,39,PC,单人,否,1
Life Redemption,"独立,血腥,暴力,角色扮演",MZZC,MZZC,,PC,单人,是,1
 Armies of Riddle CLASSIC,"策略,动作,冒险,角色扮演,独立,休闲,卡牌游戏",Game Scorpion Inc.,Game Scorpion Inc.,6,PC,单人,否,1
WW2 Z Range VR,"动作,模拟,暴力,虚拟现实,二战",Monkey Reality Games,Extreme Games,70,PC,单人,否,1
Battle Tank Armada,"动作,模拟",Ragnar, Ragnar,21,PC,单人,否,1
Oneiric Sculptures - Rodin,"实用工具,教育,虚拟现实",François Bouille - Experience 360,François Bouille - Experience 360,6,PC,其他,否,1
Khufu's Delivery Service,"独立,休闲,放松,二维,单人,阖家,策略,解谜,像素图形",Doublesquare LLC,Doublesquare LLC,6,PC,单人,否,1
四景山水圖 秋景 Landscapes of the Four Seasons,教育,Chen Si-Yu,Chen Si-Yu,免费,PC,其他,否,1
Infernum,"动作,独立,大型多人在线,角色扮演,策略,抢先体验,暴力,动作角色扮演,纵轴,等角,砍杀,即时战术,即时战略",Altope Interactive,Altope Interactive,50,PC,大型多人在线,否,1
Musical Reflex,"独立,休闲,音乐,节奏,街机,二维,单人",Eross Video Games,Eross Video Games,11,PC,单人,否,1
Jerry and the mystery loot box,"冒险,休闲,独立",Desdres,Casioqum,6,PC,单人,否,1
Interregnum,"动作,暴力,独立,冒险,怀旧,休闲,中世纪,第一人称射击",Lotus GamesTr,Lotus GamesTr,15,PC,单人,否,1
Urban Explorer Golf,"独立,休闲,解谜,物理",Thomas Diehl,DIEVOLUTION SOFTWARE,18,PC,单人,否,1
Brain Voyagers: Ricochet,"动作,休闲,策略,虚拟现实",Brain Voyagers,Brain Voyagers,48,PC,单人,否,1
Redshift VR,"动作,休闲,独立,虚拟现实",Sorcium Games,Sorcium Games,6,PC,单人,否,1
Card Throw VR,"休闲,独立,模拟,虚拟现实",Alpaca Games,Alpaca Games,6,PC,单人,否,1
rOt 3D,"独立,休闲",Lospi,Lospi,6,PC,单人,是,1
Space Robot Samurai Zombie Slayer,"动作,独立,僵尸",Brandon Brizzi,Brandon Brizzi,11,PC,单人,否,1
Alien Invaders from the Planet Plorth,"动作,独立,休闲",Robert Lanthier,Robert Lanthier,18,PC,单人,否,1
紅蜘蛛外伝：暗戦,"冒险,视觉小说",studio wasp,studio wasp,免费,PC,单人,否,1
栄冠は君に レジェンドパック,模拟,ARTDINK,Degica,100,PC,单人,否,1
Rogues or Heroes,"动作,冒险,独立",M.BonKov,M.BonKov,21,PC,单人,否,1
Crimson Souls,"动作,策略,独立,抢先体验,冒险,模拟",CREBABOS,CREBABOS,41,PC,单人,是,1
Space zone defender,"休闲,独立,动作,街机,单人,放松,生存",BD MINIGAMES,BD MINIGAMES,6,PC,单人,否,1
PARSE ALLY,"动作,独立",wHDinc.,wHDinc.,15,PC,单人,否,1
ROAD HOMEWARD 2: river trip,冒险,OFF1C1AL,OFF1C1AL,18,PC,单人,否,1
Aliens Are Rude!,"动作,独立,策略,平台游戏,类Rogue,轻度 Rogue",David Ruttan,David Ruttan,6,PC,单人,否,1
The Battles of Spwak 2,"角色扮演,独立,冒险,RPG制作大师",Vinicius Carmezini Malange,Vinicius Carmezini Malange,18,PC,单人,否,1
OboStar,"策略,动作,独立,休闲",Josh Tam Universe,OtakuMaker SARL,11,PC,单人,否,1
Super Squash,"动作,独立,冒险,垂直卷轴射击,动作类 Rogue,外星人,快节奏,街机,射击,本地合作,单人,角色定制,机器人,本地多人,恶魔,纵轴,动作冒险,清版射击,类Rogue",Barlock Games,Barlock Games,32,PC,本地合作,否,1
Zarya and the Cursed Skull,"动作,冒险,独立",Rodz,Rodz,36,PC,单人,否,1
Miniature - The Story Puzzle,"独立,休闲,策略,解谜",purpleElephant,purpleElephant,18,PC,单人,否,1
Limit of defense,独立,Jl Apps,Jl Apps,15,PC,单人,否,1
Xyla and the 'Shrooms of Doom,"动作,独立,休闲,平台游戏,女性主角,二维,单人,2D 平台,冒险",goodWeatherGames,goodWeatherGames,22,PC,单人,否,1
Tales of Ancient Nights,"独立,休闲,教育,放松,奇幻,剧情丰富,视觉小说,二维,极简主义,氛围,单人,短片,可爱,阖家,情感,选择取向,多结局,神话,文字为基础",Demir Leylek,Demir Leylek,11,PC,单人,否,1
Groggers!,"独立,休闲,动作,冒险",Indigo Studios,Indigo Studios,18,PC,单人,否,1
E3.14CENTER,"动作,独立",SaintHeiser,Half-Face Games,11,PC,单人,否,1
SUSHIDO VS ZOMBIES,"动作,暴力,虚拟现实",AMG GAMES,AMG GAMES,18,PC,单人,否,1
The Outsiders,"动作,独立",Daisu Games,Daisu Games,15,PC,单人,否,1
End of Days,"抢先体验,暴力,虚拟现实,自制枪械,动作,独立,僵尸,生存,射击,探索,魔法,风格化,剑术,射箭",Life Art Studios,Life Art Studios,37,PC,单人,否,1
Franchise Wars,策略,"Jolly Crouton Media Ltd.,Tiny Warrior Games",Jolly Crouton Media Ltd.,11,PC,单人,否,1
魔光,"独立,血腥,动作,冒险,虚拟现实",Magic Light Team,Magic Light &amp; LittleV,25,PC,单人,是,1
The Rhys510 Flash Back,"动作,冒险,独立,休闲",Rhys510,Rhys510,11,PC,单人,否,1
原体,"角色扮演,独立",xingchunfang,xinghunfang,6,PC,单人,是,1
Jumplord,"独立,轻度 Rogue,像素图形,2D 平台,类银河战士恶魔城",Fabagame,Fabagame,32,PC,单人,否,1
Hallo Spaceboy,动作,Zolden Games,Zolden Games,15,PC,单人,否,1
Hueor,"休闲,独立,竞速,生存,轻游戏,像素图形,限时,可爱","Brandon Izquierdo,Myntea",Brandon Izquierdo,6,PC,单人,是,1
The Legends of Owlia,"动作,冒险,独立",Gradual Games,Gradual Games,,PC,单人,否,1
Show Me What You Got,"独立,休闲,模拟,虚拟现实",Blacksmith Studios,David and Goliath International Corporation,22,PC,单人,否,1
Industriworks,"独立,抢先体验,沙盒,制作,建造,开放世界,魔法",PredposledniyRubikon,PredposledniyRubikon,26,PC,单人,否,1
Dead Mist,"血腥,动作,冒险,独立,抢先体验,暴力,僵尸,多人",Sergio Castillo,Sergio Castillo,18,PC,多人,否,1
Christmas Massacre VR,"动作,独立,暴力,虚拟现实,射击",AndAll Interactive,AndAll Interactive,6,PC,单人,否,1
Kamboja,"动作,独立,休闲","Rotciv Ocnarb,João ""Humming"" Luiz",Rotciv Ocnarb,15,PC,单人,否,1
Nobody Knows,"冒险,休闲,独立,角色扮演,裸露,悬疑",wildprophecy,火云战神,11,PC,单人,是,1
HandPass VR,"独立,体育,虚拟现实,足球/美式足球",Constructive Media,Constructive Media,Handpass VR Demo,PC,单人,否,1
HOCKEY SPACE,"动作,体育",tjern,tjern,21,PC,单人,否,1
Croquet Pro 2,"独立,体育",Falling Ninja Productions,Top Secret Studios,11,PC,单人,否,1
Emily: Displaced,"冒险,独立,视觉小说",Bossa Studios,War Child Gaming,100,PC,单人,否,1
World of DASM: DASM Spell Quest,"休闲,冒险,策略,角色扮演",Shane Hillier,World of DASM,35,PC,单人,否,1
Timmy's adventures : VerbMon,"冒险,独立,教育,指向 &amp; 点击",Terribilis Studio,Terribilis Studio,26,PC,单人,否,1
Curse of the Great Forest,"动作,独立",Cool Breeze Games,Cool Breeze Games,6,PC,单人,否,1
Bomb Hunter MT,"动作,冒险,休闲,独立,体育,角色扮演",BlockGames,BlockGames,11,PC,单人,是,1
mmmmm donuts arhhh......,"独立,休闲,动作",Easy game, Game for people,6,PC,单人,否,1
Terrorist Elimination,"动作,暴力,休闲",ReverseGames,ReverseGames,26,PC,单人,否,1
Admine,"独立,解谜,等角,程序生成",Irbynx,Irbynx,37,PC,单人,否,1
Plasmoid,"休闲,独立",Entries games,Kedexa,70,PC,单人,否,1
Fighters' Glory,"动作,抢先体验,血腥,暴力,3D 格斗,街机,格斗",Corbally Games,Corbally Games,62,PC,单人,否,1
Breeza Budgie Bill,"独立,动作,休闲",Wampee,Wampee,6,PC,单人,否,1
Party Poopers,"休闲,动作,独立",FrozenDev,FrozenDev,18,PC,其他,否,1
ENZBOTS,"独立,休闲,动作",Ian gumby Mitchell,Ian gumby Mitchell,ENZBOTS DEMO,PC,其他,是,1
My Little Bomb,"模拟,独立,休闲,网红,轻游戏","Nikita ""Ghost_RUS""",Ghost_RUS Games,6,PC,单人,否,1
Sensible Blood Rugby Sevens,"体育,动作,独立,抢先体验","Ben Chauveau,Mathis Bernier",Ben Chauveau,22,PC,单人,否,1
The Tension,"独立,策略,冒险",Yigit Tatlipinar,HH Studios,15,PC,单人,否,1
Vexius,"动作,独立,休闲",Taggrin,Taggrin,22,PC,单人,否,1
Avem888 VR,"独立,休闲,竞速",WaVR Tech AB,WaVR Tech AB,22,PC,单人,否,1
Red Black Poker,"休闲,独立,赌博",Cyclotron,Cyclotron,26,PC,单人,否,1
Freedom: A Time to Reckon,"动作,冒险,独立,血腥,暴力","Displacement Studios,Cazack Games",Displacement Studios,6,PC,单人,否,1
Light Up the Holidays,"休闲,建造,放松,氛围,设计与插画,彩色,音乐动态生成,阖家,独立,模拟,雪",Micro Factory Games,Micro Factory Games,26,PC,单人,否,1
Backfire,"动作,独立,暴力,血腥",Chim Ruoi Games,Chim Ruoi Games,6,PC,单人,否,1
Escape Code - Coding Adventure,冒险,Mammoth Interactive INC,Mammoth Interactive INC,37,PC,单人,否,1
Paladin,"独立,动作",Pumpkin Games,Pumpkin Games,28,PC,单人,否,1
Invisible Apartment Zero,"冒险,视觉小说,女性主角,动漫,赛博朋克,二维,黑客","Jeroen van Oosten,Milan Kazarka",Vysoko Anime Production,15,PC,单人,否,1
Lost Letters,"冒险,独立,休闲,好评原声音轨,探索,第一人称视角,步行模拟,指向 &amp; 点击","Wicked Alley,LUXI",Wicked Alley,18,PC,单人,否,1
The Orphaned Soul,"休闲,冒险,独立,视觉小说,自选历险体验,女性主角,选择取向,剧情丰富,重玩价值,探索",SimProse Studios,SimProse Studios,18,PC,单人,否,1
PASSAGE,"冒险,动作,独立,血腥,暴力,裸露,像素图形,类Rogue",Magic Time Software,Magic Time Software,26,PC,单人,否,1
Reactivated,"冒险,独立,模拟",Proteinbeer,Proteinbeer,,PC,单人,否,1
Paper - A Game of Folding,"休闲,独立,解谜,单人,阖家,二维",Bryce Summer,Bryce Summer,37,PC,单人,否,1
Suka's Escape,"抢先体验,动作,冒险,模拟,虚拟现实",Flying Escape Kick Studios,Flying Escape Kick Studios,37,PC,单人,否,1
The Fog,"独立,休闲,动作,冒险",Silas the Dev,Silas the Dev,22,PC,单人,是,1
GOOSE.IO,"休闲,动作,独立,冒险,模拟",Ammonite Design Studios Ltd,Ammonite Design Studios Ltd,22,PC,单人,否,1
NOSTOI,"独立,解谜,时空操控,剧情丰富,平台游戏,平台解谜",Aasura Project,Aasura Project,11,PC,单人,否,1
Golden war spirit,"动作,独立,格斗,街机",pengjianNiu,pengjianNiu,26,PC,单人,否,1
Mutland,"动作,独立,冒险",Riovox,Riovox,28,PC,单人,是,1
Deadly Path,"动作,独立,休闲,冒险",AS Games,AS Games,6,PC,单人,否,1
PROJECT VELOCITY,"动作,独立",Omnirift,Omnirift,11,PC,单人,否,1
Donjon Defense,"休闲,策略",Obi-Wanya,Obi-Wanya,26,PC,单人,否,1
8-Bit Arena VR,"独立,虚拟现实",LunarCitySeven,LunarCitySeven,6,PC,单人,否,1
City Gangs San Andreas,"动作,独立,休闲,模拟,冒险",Polantronic,Polantronic,11,PC,单人,否,1
Achievement Collector: Dog,"动作,独立,冒险",QUIKIN Games,QUIKIN Games,25,PC,单人,否,1
kamer,"独立,放松,探索,短片,试验性",Sokpop Collective,Sokpop Collective,15,PC,单人,否,1
Operation Deep Magic: Cryptanalysis,"模拟,抢先体验,教育,解谜,拟真,黑客",1013133 Simulations,1013133 Simulations,138,PC,单人,否,1
Cartacombs,"动作,独立",YawningDad,YawningDad,11,PC,单人,否,1
DinosaurIsland,"动作,独立,冒险,暴力,恐龙",LiangDeZhao,LiangDeZhao,28,PC,单人,是,1
GyroShooter,"动作,独立,休闲",TRIANGLE SERVICE,TRIANGLE SERVICE,37,PC,单人,否,1
Mind Trap,"冒险,独立,抢先体验",Gear Worx Productions,Gear Worx Productions,37,PC,单人,否,1
1st Core - The Zombie Killing Cyborg,"动作,独立,角色扮演,恐怖,僵尸,生存,格斗,射击,第一人称视角,科幻,单人,生存恐怖,机器人,动作角色扮演,清版射击,第一人称射击,赛博朋克,动漫",Jesper Skjærbæk,Jesper Skjærbæk,37,PC,单人,否,1
Space Viking Raiders VR,"动作,休闲,独立,血腥,暴力,策略,冒险,角色扮演,在线合作,迷宫探索,虚拟现实",Adam Thompson,Multiball Studios,15,PC,在线合作,否,1
Synthrally,"动作,独立,休闲,体育",Roseball Games,Roseball Games,22,PC,其他,否,1
Hostile User Interface,独立,Lutem,Lutem,11,PC,单人,否,1
Ultimagus,"动作,独立,休闲,奇幻,二维,像素图形,困难,横向滚屏,等角,即时战术,魔法,单人,动作角色扮演,清版射击,好评原声音轨,街机,塔防,冒险,角色扮演",Zealwind,Zealwind,18,PC,单人,否,1
Entertainment Hero,"动作,平台游戏",Windzen,Windzen,11,PC,单人,否,1
The Last AntLion,"动作,策略,独立,冒险",Shawn Kilian,Shawn Kilian,15,PC,单人,否,1
Teeny Heist,"策略,模拟,独立,休闲",The Burning Red Design,The Burning Red Design,6,PC,单人,否,1
Beasts & Chests,"暴力,血腥,动作,冒险,奇幻",POLYRAW,POLYRAW,6,PC,单人,否,1
Anima,"独立,模拟,虚拟现实",The Revera Corporation,The Revera Corporation,6,PC,单人,否,1
The Highscore,动作,Frederic Drago,Frederic Drago,18,PC,单人,是,1
ORION,"动作,冒险,独立,休闲",DOT Entertainment,DOT Entertainment,6,PC,单人,否,1
Hello Emoji: Drawing to Solve Puzzles,"休闲,独立,策略",Riovox,Riovox,6,PC,单人,否,1
Zen Blocks,"休闲,策略,独立,解谜,回合制,二维,氛围,彩色,放松,桌游",Gazzapper Games,Gazzapper Games,22,PC,单人,是,1
Pivot,"独立,休闲,解谜,逻辑,欢乐,彩色,谐仿,建造,讽刺",Abysm,Abysm,15,PC,单人,否,1
Morps,策略,Random developers,Random developers,22,PC,单人,否,1
Galactic Asteroids Patrol,"动作,独立,休闲,太空,射击,单人,垂直卷轴射击,纵轴,本地多人,非主流经典,太空模拟,快节奏,多人,街机,经典,清版射击","Noam Toledano,Amir Abiri",Noam Toledano,26,PC,单人,否,1
STAR KINGDOM : The Elements,"休闲,独立,策略,抢先体验,虚拟现实","Hyperator, Inc.","Hyperator, Inc.",11,PC,单人,否,1
Factory Rally Madness,"动作,休闲,独立,竞速,编程,机器人,解谜,单人,PvE",BRBOX,BRBOX,54,PC,单人,否,1
Synth Ninja,"抢先体验,休闲,独立,虚拟现实",Unlit Interactive,Unlit Interactive,11,PC,单人,否,1
Dante's Forest,"动作,独立,模拟,虚拟现实",zale15droid,Zale Bush,6,PC,单人,否,1
EEP Train Simulator Mission,"模拟,策略",Trend Redaktions- und Verlagsgesellschaft mbH,Trend Redaktions- und Verlagsgesellschaft mbH,68,PC,单人,否,1
Dongo Adventure,"独立,休闲,冒险,平台游戏,单人,困难,3D 平台","Paulo Ricardo Ribeiro,Paulo Henrique Ribeiro",Desenvolvedores,18,PC,单人,否,1
Lemuria: Lost in Space - VR Edition,"动作,冒险,角色扮演,独立,虚拟现实",EJRGames,EJRGames,48,PC,单人,否,1
The Most Challenging Game,"冒险,平台游戏",Raixen Smitch,Raixen Smitch,11,PC,单人,否,1
Dronihilation VR,"动作,独立,模拟,虚拟现实",Zynk Software Srl,Zynk Software Srl,18,PC,单人,否,1
Smart Junior Academy - Autumn,"独立,休闲",Format,Formsoft,35,PC,单人,否,1
Lost Daughter,"动作,独立,冒险",Alper Gonen,Alper Gonen,22,PC,单人,否,1
Alimardan's Mischief,"冒险,指向 &amp; 点击,独立,喜剧,欢乐",RSK Entertainment,Strategy First,25,PC,单人,否,1
Marimba VR,"模拟,独立,休闲,虚拟现实",Ruby Games,Ruby Games,11,PC,单人,否,1
Colony,"模拟,独立,策略,即时战略,即时",eugeniy_kh,eugeniy_kh,11,PC,单人,否,1
Endlessness,"独立,竞速,模拟",FurGoldGames,FurGoldGames,6,PC,单人,否,1
Fancy Trangram VR,"策略,休闲,模拟,虚拟现实",哈视奇科技,哈视奇科技,6,PC,单人,否,1
Minitime,"独立,休闲",Minibyte,Danvik FHS,32,PC,单人,否,1
Shadows,"独立,冒险,平台解谜,氛围,单人,好评原声音轨",Logan Apple,Logan Apple,18,PC,单人,否,1
Aurora,"动画制作和建模,设计与插画,虚拟现实,独立,休闲",Pink Kong Studios,Pink Kong Studios,15,PC,其他,否,1
Metal Country,"动作,独立,冒险",Willpowaproject,Willpowaproject,11,PC,单人,否,1
Skydiving Simulator VR,"冒险,独立,休闲,模拟,体育",Builder7,Builder7,22,PC,单人,否,1
SWAM,"动作,休闲,独立,冒险",Paul O'Bar,ArcadeSheep,11,PC,单人,否,1
Marginal act,"独立,冒险,恐怖,心理,时空旅行,剧情,时空操控,剧情丰富,困难,氛围,黑暗,血腥,抽象,黑暗奇幻,暴力",Marginal act,Marginal act,11,PC,单人,否,1
Color Soul: Memories,"动作,冒险,休闲,独立,彩色,风格化",Evan Streblow,Evan Streblow,15,PC,单人,否,1
Man of Honor,"动作,独立,暴力,街机,快节奏,垂直卷轴射击,困难",Simbryo,Simbryo,37,PC,单人,否,1
Maze Quest 2: The Desert,休闲,Sylvestrina,Sylvestrina,6,PC,单人,否,1
2D Vtuber Cutiecats,视频制作,thebomenet,thebomenet,39,PC,其他,否,1
DevilShaft: TheTower,"冒险,独立",SureCreator,Metal Fox,26,PC,单人,否,1
Remember,"模拟,独立,机器人,选择取向,人工智能,游戏制作,剧情丰富",Dark_Seberian,Dark_Seberian,11,PC,单人,否,1
HELLO PLAYER,"休闲,动作,独立,冒险,快节奏,横向滚屏,困难,欢乐,单人,控制器",Vadd games,Vadd games,15,PC,单人,否,1
ZYTERNION,"动作,独立,休闲",Pigeonaut,Pigeonaut,22,PC,共享/分屏合作,否,1
"Slow Down, Bull","动作,休闲,独立",Insomniac Games,Insomniac Games,11,PC,单人,否,1
Smart Junior Academy - Spring,"冒险,独立,休闲",Format,Formsoft,35,PC,单人,否,1
FL337,"动作,冒险,独立,清版动作",KWL Productions,KWL Productions,21,PC,单人,否,1
CyberLink PowerDVD 18 Ultra,"实用工具,动画制作和建模",CyberLink,Koch Media,188,PC,其他,是,1
Battle Chess II: Chinese Chess,"桌上游戏,策略,棋类,等角,回合制",Interplay Entertainment Corp.,Interplay Entertainment Corp.,36,PC,单人,否,1
AngeliaLost,"策略,角色扮演,暴力,虚拟现实",CangGu,CangGu,39,PC,单人,是,1
Blast,"动作,独立,休闲",baKno Games,baKno Games,22,PC,单人,是,1
Brave,"角色扮演,独立,休闲,模拟,策略,动作,冒险,血腥,暴力,裸露",Grean,Grean,6,PC,单人,否,1
Joe Jump,"休闲,奔跑",BlueFX Games,Forsaken Games,15,PC,单人,否,1
Infested Nation,"动作,独立,血腥,暴力",Fivesyounger Development,Fivesyounger Development,18,PC,单人,否,1
Nostalgiarian,"休闲,动作,独立,冒险,生存",Cloaz Studio,Cloaz Studio,11,PC,单人,否,1
Monster Challenge Circus,动作,Freegamer,Strategy First,21,PC,单人,否,1
Escape From The Grim,"动作,独立,休闲,冒险,恐怖,2D 平台",NG Smith,NG Smith,22,PC,单人,否,1
Mircron Wars XR,"动作,独立,休闲,太空,街机,射击,垂直卷轴射击,纵轴",Hallid Games,Hallid Games,18,PC,单人,否,1
Yet Another Snake Game,"独立,休闲",Verbal Chambers,CasGames,6,PC,单人,否,1
ELDR LEGACY,"冒险,动作,独立,角色扮演",WJLEGAME,WJLEGAME,15,PC,单人,否,1
Dormant World,"动作,冒险,独立",XENOpz,XENOpz,15,PC,单人,否,1
Infinite Game Works Episode 0,"模拟,独立,休闲,视觉小说,动漫",Sakura River Interactive,Sakura River Interactive,43,PC,单人,否,1
OutBreak: The Escape,"动作,独立,暴力",Daimen Gaming,Daimen Gaming,11,PC,单人,否,1
Pirate Survival Fantasy Shooter,"暴力,动作,独立,血腥,虚拟现实,第一人称射击,竞技场射击,第一人称视角,射击,抢先体验,生存恐怖,军事,竞技,欢乐,网红",Meow Studios,Meow Studios,37,PC,单人,否,1
RoadkillerZ,"动作,独立,抢先体验,竞速,血腥,虚拟现实",Black Room Games,Black Room Games,18,PC,单人,否,1
Super Bugman Extreme Ultra,"动作,冒险,独立",SyKoHPaTh,SyKoHPaTh,22,PC,单人,否,1
Nightmare Cave,"独立,动作,角色扮演,冒险",Nejc Korez,Nejc Korez,Nightmare Cave Demo,PC,单人,否,1
Tales of Beasteria,"独立,策略,回合制战术,动漫,单人",Pluompu,"Pluompu,Team Syukino",26,PC,单人,否,1
Inspector - 生化战警,"动作,休闲,独立,冒险,血腥,暴力",隼龙队长,隼龙队长,15,PC,单人,是,1
Ladies Orders,"角色扮演,独立,冒险,RPG制作大师,女性主角,动漫,单人,控制器",Silver Cloud,Silver Cloud,18,PC,单人,否,1
Last Hope,"独立,休闲",Ben Lovegrove,Ben Lovegrove,11,PC,单人,否,1
Tanks 2020,"休闲,动作,独立,模拟,大型多人在线,多人",Kedexa,Kedexa,70,PC,大型多人在线,否,1
M.E.M.E.S.,"休闲,角色扮演,冒险,网红,选择取向,超现实,极简主义,独立,二维,抽象,剧情丰富,哲理,心理,回合制战斗,短片,RPG制作大师,像素图形,日系角色扮演","M.E.M.E. Studios,Rafal Korbaczynski",Rafal Korbaczynski,28,PC,单人,否,1
Bundle Kitt,"独立,猫,可爱,免费,二维,欢乐,短片,试验性,情感,非主流经典,经典,卡通化,阖家,自然,体验,氛围,风格化,放松,喜剧,极简主义",James Earl Cox III,James Earl Cox III,免费,PC,单人,否,1
Wamu Wamu 2,"休闲,动作,独立,试验性,欢乐,短片,可爱",Sokpop Collective,Sokpop Collective,15,PC,单人,否,1
Deep Noise,"独立,休闲",OnPluto,OnPluto,免费开玩,PC,单人,否,1
Gravity Escape From The Maze,"动作,独立,休闲,冒险,模拟",SBM Games,SBM Games ,6,PC,单人,否,1
Daddy's gone a-hunting,"独立,休闲,动作,冒险",Wojciech Krupinski,KrupinskiArt,6,PC,单人,否,1
Star of Lemutia : Reborn,"动作,独立,角色扮演,策略,塔防,即时战术,即时战略,超級英雄,魔法",1UP games,1UP games,41,PC,单人,是,1
Delphinia Chronicle,"动作,冒险,角色扮演","Digital Cookie Co., Ltd.","Digital Cookie Co., Ltd.",21,PC,单人,否,1
Benjamin Johnson,"冒险,独立,模拟,血腥,暴力,裸露,色情内容,策略",Francesco Trovato,Francesco Trovato,22,PC,单人,否,1
加油-与你同在,"策略,独立,休闲,模拟,疫病爆发模拟,僵尸,动漫",yunizaiyiqi,yunizaiyiqi,6,PC,单人,是,1
Delta Squad,"独立,动作",EskemaGames,EskemaGames,26,PC,单人,否,1
P-3 Biotic,"动作,独立,双摇杆射击",BatCat Games,BatCat Games,18,PC,单人,否,1
Boom Stick,"动作,独立,抢先体验,快节奏,射击,困难",Fortyate,Fortyate,26,PC,单人,否,1
Voxel Scavenger,"动作,独立,冒险",ZUGALU ENTERTAINMENT,ZUGALU ENTERTAINMENT,11,PC,单人,否,1
The Elmian Warrior,"独立,动作,冒险,像素图形",The MegaByte,The MegaByte,22,PC,单人,否,1
UMA-War VR,"独立,休闲,虚拟现实",One Show,VRSHOW,18,PC,单人,否,1
Top Secret,"动作,冒险,虚拟现实",Sky Nite,Sky Nite,15,PC,单人,否,1
Laranga,"独立,模拟,冒险,恐龙","Marina Osadchaya,Dmitry Potapov",Maridaos,26,PC,单人,是,1
Scary new year,"动作,冒险,休闲,血腥,暴力",SimplexGameStudio,SimplexGameStudio,43,PC,单人,否,1
Jingo,"动作,冒险,策略,回合制,虚拟现实",U24 Solutions,U24 Solutions,37,PC,单人,否,1
Metamorph,"冒险,独立,角色扮演,抢先体验,生存",Chumoran,Chumoran,36,PC,单人,是,1
Planet Assault,"独立,休闲","Diggidy.net, LLC","Diggidy.net, LLC",11,PC,单人,否,1
Flippt,独立,"Luetso, LLC","Luetso, LLC",15,PC,单人,否,1
Lemons Must Die,"独立,动作,冒险",Superbyte Games,Superbyte Games,25,PC,单人,是,1
ATV Simulator VR,"冒险,独立,休闲,模拟,体育,虚拟现实",Builder7,Builder7,22,PC,单人,否,1
Super Urban Wizard,"休闲,动作,独立","ShoeStringTeam,DemonSwordGames",DemonSwordGames,6,PC,单人,否,1
Letter-Setter,"独立,休闲",Beaver Drummer,Beaver Drummer,18,PC,单人,否,1
Twine3D,休闲,ijal Studio,ijal Studio,6,PC,单人,否,1
Claw Staff,"动作,独立,平台游戏,像素图形,程序生成,怀旧,街机,二维,单人,重玩价值",Glass Cargo Software,Glass Cargo Software,22,PC,单人,否,1
Roll Out,"策略,独立,模拟",Qor Concept Entertainment Inc.,Qor Concept Entertainment Inc.,36,PC,单人,否,1
Cheesecake Cool Conrad,"独立,平台游戏",Reload Games Studio,Strategy First,21,PC,单人,否,1
Mayhem Above,"动作,音乐,音乐动态生成",Spinal Games,Spinal Games,28,PC,单人,否,1
Snow Light,"独立,冒险,动作,视觉小说",West Dragon Productions DR,OG-ZONE Digital Entertainment,36,PC,单人,否,1
Capsule,"冒险,独立,休闲,虚拟现实",Chris Pow,Chris Pow,22,PC,单人,否,1
Neonwall,"动作,独立,策略",Norain Games,JanduSoft S.L.,37,PC,单人,否,1
LEVEL UP!,"动作,独立,抢先体验",Ranmantaru Games,Ranmantaru Games,36,PC,单人,否,1
方块人,"休闲,冒险,解谜,合作,第三人称视角,多人",迷茫的菜鸟,迷茫的菜鸟,6,PC,合作,是,1
QUIZ PRO! - General Knowledge,"独立,休闲,模拟,策略,冒险",QUIZ PRO! - General Knowledge,QUIZ PRO! - General Knowledge,16,PC,单人,否,1
Of Light and Darkness,"冒险,策略,未来,奇幻,即时,氛围,指向 &amp; 点击",Tribal Dreams,Interplay Entertainment Corp.,36,PC,单人,否,1
Steel Arena: Robot War,"动作,独立,模拟,机甲世界,机器人,PvE,唯美格斗",Real Fighting,Real Fighting,18,PC,单人,是,1
Apolune,"动作,休闲,独立,垂直卷轴射击,科幻,弹幕射击",Lost Astronaut Studios,Lost Astronaut Studios,28,PC,单人,否,1
Company of Heroes 2 - The British Forces,"策略,二战,即时战略,军事,多人,战争,单人,动作","Relic Entertainment,Feral Interactive (Mac),Feral Interactive (Linux)","SEGA,Feral Interactive (Mac),Feral Interactive (Linux)",39,PC,多人,否,1
The Delirium Vacation,独立,Ex Conspectu,Ex Conspectu,32,PC,单人,否,1
Assault of the Robots,"动作,休闲,独立,冒险,模拟,二维,射击,蒸汽朋克,风格化,体育,机器人,狩猎,好评原声音轨,悬疑,平台游戏,暴力,复古,欢乐,大师级,类银河战士恶魔城",Horse Games,Horse Games,11,PC,单人,否,1
Smart Junior Academy - Winter,教育,Format,Formsoft,35,PC,其他,否,1
Shawy Adventures,"独立,动作,冒险",Ice Wizard Studio,Ice Wizard Studio,18,PC,单人,否,1
Last in Orbit,"冒险,独立,第一人称视角,恐怖,解谜",Dapper Rabbit Games,Dapper Rabbit Games,22,PC,单人,否,1
Roses and Gems,"独立,动作",Pirate-Rob,Pirate-Rob,22,PC,单人,否,1
zzzzz,"动作,独立,冒险,平台游戏,怀旧,彩色,困难,像素图形,心理恐怖",Conmtrast,Conmtrast,6,PC,单人,否,1
Primitive Road,"独立,虚拟现实,极简主义,清版射击",MoMo Games,MoMo Games,6,PC,单人,否,1
Retro Rocket Robot,"动作,独立",Johannes Noak,Matrix Soup,15,PC,单人,否,1
Factorybelts 2,"独立,休闲,抢先体验","Robin Hänni,Bastien Darbellay",Robin Hänni,37,PC,单人,否,1
Bulletorium,"动作,垂直卷轴射击,弹幕射击,独立",Trukhan Hryhorii,Trukhan Hryhorii,11,PC,单人,否,1
ReVeN: XBridge,"独立,动作,角色扮演,清版射击",Varia Games,Varia Games,36,PC,单人,否,1
Ball Fall,独立,Charles Meekins,Charles Meekins ,6,PC,单人,否,1
Flashover MegaSector,"动作,独立,困难,弹幕射击,单人",Happy Frog Games,Happy Frog Games,6,PC,单人,否,1
Dungeoneer,"动作,冒险,暴力,裸露,角色扮演",Paul Boland,Paul Boland,22,PC,单人,否,1
驱灵,"冒险,独立,解谜,悬疑,剧情,多结局",FXH,FXH,12,PC,单人,是,1
Meteors,"独立,休闲",Bryan Baumeister,Bryan Baumeister,6,PC,单人,否,1
Boxwrecker Arena,"动作,独立,3D 平台,平台游戏",Jealous Ducks,Jealous Ducks,41,PC,单人,否,1
Time Skip,"策略,冒险,独立,解谜,快节奏,平台解谜",GamingVNetwork,GamingVNetwork,18,PC,单人,否,1
Girl Rugby Dash,"体育,模拟,单人,动作,女性主角,独立,格斗,休闲,3D,黑色幽默,足球/美式足球",Action Portal,Action Portal,26,PC,单人,是,1
Catch Your Kitty,"休闲,动作,独立,策略,单人",TankCatGames,TankCatGames,11,PC,单人,否,1
JumpFist,"独立,休闲,动作,平台游戏",BoomCat Studios,BoomCat Studios,6,PC,单人,否,1
Sad :'),"动作,休闲,裸露,独立",Simone Del Signore,Simone Del Signore,免费,PC,单人,否,1
Honey Dance,"休闲,独立,角色扮演,模拟,虚拟现实",Longfu Qiu,Longfu Qiu,70,PC,单人,否,1
Radioactive,"策略,冷战,回合制,回合战略,战争游戏",Cornutopia Software,Cornutopia Software,35,PC,单人,否,1
Infinitesimal Point,"独立,动作,角色扮演,单人,垂直卷轴射击,困难,合作",Small Room Games,Small Room Games,22,PC,单人,否,1
VR Audio Visualizer,"独立,模拟,虚拟现实",Weekend Soft,Weekend Soft,11,PC,单人,否,1
Deadly Runner,"动作,独立,冒险,奔跑,街机,单人,唯美,剧情丰富",S'Games,Lucky Games,6,PC,单人,否,1
Merv Reborn,"独立,休闲,动作",Sub Orbital Software,Sub Orbital Software,11,PC,单人,否,1
Crash Test Billy,"休闲,模拟,抢先体验,动作,沙盒,欢乐,物理,独立,建造,解谜",SP Digital Arts Inc.,SP Digital Arts Inc.,18,PC,单人,否,1
The Last,"动作,冒险,独立,生存",Mateusz Kuliś,Mateusz Kuliś,31,PC,单人,否,1
"Remember, Lights Out","休闲,独立",Mammoth Interactive INC.,Mammoth Interactive INC.,22,PC,单人,否,1
BALL!,"独立,冒险,平台解谜,探索,平台游戏",Emilios Manolidis,Emilios Manolidis,28,PC,单人,是,1
Archibald 2,"休闲,独立,冒险",azimut team,azimut team,11,PC,单人,否,1
Super Asteroids,"动作,独立,休闲",Alcateia Entertainment,Alcateia Entertainment,6,PC,单人,否,1
SimplyTrivia,休闲,Hootless,Hootless,6,PC,单人,否,1
Epic World,"动作,独立,休闲,冒险",Yash Future Tech Solutions Pvt Ltd,Yash Future Tech Solutions Pvt Ltd,37,PC,单人,是,1
City Breaker,"策略,动作,独立,模拟,冒险,抢先体验,虚拟现实",Soareverix,Soareverix,22,PC,单人,否,1
The Breach: A VR Escape Game,"冒险,虚拟现实",BeTomorrow,BeTomorrow,37,PC,单人,否,1
FireTry,"动作,独立,冒险,策略,关卡编辑,战争,合作,多人,二维,欢乐,黑客,格斗",ismail özel,ismail özel,3,PC,合作,否,1
Planet Busters,"独立,休闲",Slam,Slam,,PC,单人,否,1
Survived,"动作,独立,策略,冒险,抢先体验,大型多人在线,第一人称射击,生存,休闲,基地建设,第一人称视角,生存恐怖",SoloGameStudios,SoloGameStudios,37,PC,大型多人在线,否,1
Molly: fear of clowns,"动作,独立,冒险,平台游戏",BA.D,ATU Games,22,PC,单人,否,1
Metrail,独立,2-Volt Games,2-Volt Games,免费,PC,单人,否,1
The Fragment,"独立,暴力,恐怖",David Pierucci,PG Entertainment,22,PC,单人,是,1
Croc's World Construction Kit,"动作,冒险",Sprakelsoft GmbH,Sprakelsoft GmbH,6,PC,单人,是,1
Victorian Admirals Caroline Crisis 1885,"策略,模拟,海战,海军,帆船,本地多人,即时含暂停,即时战略,单人,历史,战术,氛围,非主流经典",Totem Games,Strategy First,37,PC,本地多人,否,1
Asteroidiga,"动作,独立",Levi Stoddard,Levi Stoddard,免费,PC,单人,否,1
Victorian Admirals Samoan Crisis 1889,"策略,模拟,海战,海军,帆船",Totem Games,Strategy First,37,PC,单人,否,1
What's Inside??,"冒险,休闲,独立,角色扮演,视觉小说,喜剧,放松,恐怖,外星人,奇幻,太空,第一人称视角,二维,科幻,魔法,动漫,欢乐,中世纪,单人,未来",SukiU Games,SukiU Games,35,PC,单人,否,1
Dimensionality 3.5,"休闲,视觉小说,文字游戏,文字为基础",NPC S Studio,NPC S Studio,10,PC,单人,是,1
Thugs Law,"动作,独立,休闲,策略,冒险,抢先体验,暴力,像素图形",Fabio Cunha,Fabio Cunha,26,PC,单人,否,1
Metallic Metronome,"免费,休闲,独立,节奏,音乐,RPG制作大师",fristal,fristal,免费开玩,PC,单人,否,1
Brutal Sports - Football,"体育,动作",Teque,Piko Interactive LLC,22,PC,单人,否,1
Stage 3: Azaria,"动作,冒险,角色扮演,独立,抢先体验,虚拟现实",Unforgiven,Unforgiven,50,PC,单人,否,1
Gaming Accelerator 2,"实用工具,第一人称射击,游戏相关,沙盒",Seventh Knight,Seventh Knight,50,PC,其他,否,1
TimeFall,"休闲,独立","Unlimited_Deer_,ASSM","Unlimited_Deer_,ASSM",6,PC,单人,否,1
JAGD LANZER,"动作,独立,射击",leimonya,leimonya,18,PC,单人,否,1
Family Tree Heritage Gold,教育,Individual Software,Individual Software,138,PC,其他,否,1
Berry mayhem,"独立,休闲,三消,单人,逻辑",Kedexa,Kedexa,67,PC,单人,否,1
Witchball,"动作,独立,竞速,体育",S. L. Clark,Independent,22,PC,其他,否,1
Bonfire,"冒险,独立,模拟,科幻,剧情丰富,阖家,动态记叙,虚拟现实",Baobab Studios,Baobab Studios,22,PC,单人,否,1
Shooting Star,"休闲,独立,奔跑,单人,抢先体验,平台游戏,放松,第三人称视角,太空,二维,极简主义,欲罢不能,短片,彩色,竞分,阖家,唯美,单线剧情,控制器,小游戏",Studio Inward,Studio Inward,6,PC,单人,否,1
SuperFIght,"Hentai,心理恐怖,色情内容,大师级,独立,动作,休闲,LGBTQ+,裸露,剧情丰富,女性主角,动漫,恐怖,恋爱模拟,网红,清版动作,冷战,好评原声音轨,街机,开放世界",LGe,LGe,513,PC,单人,否,1
VE GSIM Tower Crane Simulator,"模拟,虚拟现实,软件培训,单人,体验",Visual Engineering,Visual Engineering,35,PC,单人,否,1
Ballavita,"冒险,爱情,休闲,黑暗奇幻,360 视频,虚拟现实",AMILUX Film,AMILUX Film,18,PC,单人,否,1
BitBreaker,"动作,独立,休闲",God As A Cucumber,God As A Cucumber,6,PC,单人,否,1
PLAY337抓雞 CATCH CHICKEN,"角色扮演,独立,休闲,RPG制作大师,冒险",遊戲人,遊戲人,18,PC,单人,否,1
Face au train,"休闲,虚拟现实",Hevok,SNCF Réseau,,PC,单人,否,1
Geno The Fallen King,"独立,动作,冒险,平台游戏,二维,像素图形,2D 平台",Gabriel Ehret,Zeta bit,22,PC,单人,否,1
Spacefight,"休闲,独立,太空,战斗,2D 格斗,2D 平台",HEG Games,Endless Games,6,PC,单人,否,1
Wild West Steam Loco,"模拟,火车,建造,3D,城市营造,交通运输",Redbrick Studios Ltd,Redbrick Studios Ltd,50,PC,单人,否,1
ROAD HOMEWARD: Open world,"冒险,开放世界,驾驶,第三人称视角,单人,越野",OFF1C1AL,OFF1C1AL,90,PC,单人,否,1
The Master,"独立,休闲,冒险,模拟,步行模拟,第一人称视角,放松,试验性,单人,欢乐","Gem Rose Accent,Corentin Derbré",Gem Rose Accent,6,PC,单人,否,1
Falling Blocks,"独立,休闲,策略",Softwaves Mini,Softwaves Dist.,6,PC,单人,否,1
DOWN MEANS UP,独立,David Mulder,David Mulder,15,PC,单人,否,1
Sexy Comedy: It Was a Mistake,"冒险,独立,动作,模拟,角色扮演",Bmc Studio,Bmc Studio,11,PC,其他,否,1
MAR WAR: The Evil Awakens,"策略,动作,冒险,角色扮演,独立,休闲,模拟,生存,恐怖,奇幻,单人,谐仿,欢乐,生存恐怖,网红,喜剧",evlavv_studio,evlavv_studio,22,PC,单人,否,1
Blue Fox,"休闲,动作,独立,策略,冒险,平台游戏,解谜,回合制,射击",Tiago Ramos,Tiago Ramos,50,PC,单人,否,1
3 Days in the Abyss,"动作,独立,冒险",Hasiel_Sarsby,Gamaliel Games,11,PC,单人,否,1
三角战机XXXX,"独立,冒险,弹幕射击,单人,像素图形",EManGame,EManGame,12,PC,单人,是,1
Runster,"动作,体育,独立,暴力,抢先体验","Keerati Tanakitjaroenpat,Nattavadee Suchato,Athicha Supasaringkarn",Runnex technology,Try for free!,PC,单人,否,1
Skeleton Warrior,"动作,独立,冒险,角色扮演,第三人称视角",V神,V神,105,PC,单人,否,1
Flank That Tank!,"动作,二维,坦克,毁灭,程序生成",Game Studio Abraham Stolk Inc.,Game Studio Abraham Stolk Inc.,26,PC,单人,否,1
Solar Lander,"休闲,独立,模拟,抢先体验,太空,太空模拟,单人",TChapman500,TChapman500,Demo Version,PC,单人,否,1
Lonepath,"独立,冒险,二维,心理恐怖,恐怖,休闲",Bogdan Zigmund,Bogdan Zigmund,32,PC,单人,否,1
Scavenger,"策略,独立,休闲",Hail Mary Games,Peter Skogvold,免费,PC,单人,否,1
Star Seeker,"休闲,角色扮演,解谜,竞技,卡牌游戏",Yukio Kuro,Yukio Kuro,43,PC,单人,否,1
Horde Of Plenty,"动作,独立,抢先体验,双摇杆射击","SMONCH, LLC","SMONCH, LLC",22,PC,单人,否,1
CRAZY BIGHEADS,"动作,独立,抢先体验,休闲,多人,欢乐",Delirio,Delirio,50,PC,多人,否,1
JekoosWare,"休闲,独立,冒险,抢先体验,卡通化,漫画,欢乐,卡通,全动态影像","Bmc Studio,Bmc Game Studio",Bmc Studio,37,PC,单人,否,1
Fall Fear Fly Redemption,"动作,冒险,独立,休闲,体育,虚拟现实",Lobaki,Lobaki,6,PC,单人,否,1
Goblin treasure,"动作,独立,休闲,街机,怀旧",enrju,Andrzej Cudzilo,15,PC,单人,否,1
YAWS - Yet Another Waveshooter,"动作,休闲,虚拟现实,射击,弹幕射击",Dennis M. Heine,Dennis M. Heine,22,PC,单人,否,1
Slingshot Cowboy VR,"动作,模拟,虚拟现实",BVG Software Group,BVG Software Group,15,PC,单人,否,1
Minskies,"动作,策略,解谜",Binary Emotions,Piko Interactive LLC,22,PC,单人,否,1
Jomp The Jumper,"独立,冒险,平台游戏",SGStudio Games,SGStudio Games,6,PC,单人,否,1
Galactic Center VR,"免费,休闲,模拟,虚拟现实,太空,探索,物理,太空模拟,科学,教育","Instituto de Astrofísica, PUC de Chile","Instituto de Astrofísica, PUC de Chile",免费,PC,单人,否,1
SCP: Derelict - SciFi First Person Shooter,"动作,独立,抢先体验,第一人称射击",JEPR DEV,JEPR DEV,11,PC,单人,否,1
Reconstruction,"动作,独立,清版射击,弹幕射击,街机",ARMS,Arms,22,PC,单人,否,1
Quarter Horse Racing,"竞速,体育,策略,角色扮演,赌博,二维",Gerald Lynch,GJ ARTS,22,PC,单人,否,1
Cannon Crew,"休闲,抢先体验,策略,独立",WoksOnStudios,WoksOnStudios,26,PC,单人,否,1
After The Suns,"动作,独立,暴力,冒险,血腥,女性主角,原声音乐,心理恐怖,困难,动作冒险","Ignacio Medina,Santiago Medina","Ignacio Medina,Santiago Medina",39,PC,单人,否,1
Pathosis,"动作,角色扮演,独立,抢先体验,冒险",Acylis Studios UF,Acylis Studios UF,26,PC,单人,否,1
Adventure Of Thieves,"动作,独立,抢先体验,休闲",Binarystudio 54,Binarystudio 54,6,PC,单人,否,1
Better Boyfriend,"休闲,独立,模拟,恋爱模拟,女性主角,单人,二维,可爱,角色定制,仅鼠标,指向 &amp; 点击","Bridget Gilchrist,Vitaly Krivenko",Bridget Gilchrist,11,PC,单人,否,1
Draco VR Dragon Sim,"模拟,抢先体验,虚拟现实,沙盒,物理,奇幻,龙",Benjamin Pierce,Benjamin Pierce,22,PC,单人,否,1
CRAFT BATTLE SIMULATOR,"模拟,策略,动作,大型多人在线,休闲",Theodor Niklas,Theodor Niklas,21,PC,大型多人在线,否,1
Our Journeys 2 ~ A Collection of Visual Novels,"独立,休闲,剧情丰富,视觉小说,动漫,氛围,单人,非线性,多结局,女性主角,色情内容,文字为基础,冒险,极简主义,互动小说,科幻,恐怖,LGBTQ+,短片,模拟",Mia Blais-Côté,Mia Blais-Côté,24,PC,单人,否,1
Arch Drift,"动作,独立,冒险","Bemami,Michiel Blancquaert",Bemami,15,PC,单人,否,1
Margot's Word Brain,"独立,休闲,解谜,文字游戏,教育",Slam Productions Ltd,Funbox Media Ltd,15,PC,单人,否,1
TEOT - The End OF Tomorrow,"动作,冒险,抢先体验,休闲,模拟,策略,虚拟现实,角色扮演","Edsenses Creative Co., Ltd","Edsenses Creative Co., Ltd",30,PC,单人,是,1
Sine Wave City,"动作,抢先体验,街机,快节奏,独立,短片",Jajmu,Jajmu,免费,PC,单人,否,1
2DTo3DModelEditor,"照片编辑,动画制作和建模,游戏开发",Aurora,Aurora,50,PC,其他,否,1
KLAC,"独立,抢先体验,休闲",Nonostante Games,Nonostante Games,18,PC,单人,是,1
The Day I Died,"动作,冒险,独立,休闲,恐怖,僵尸,解谜,剧情丰富,单人,第一人称视角",Mark Kondor,bit Gimmicks,28,PC,单人,否,1
CYBER HEART,"独立,休闲,暴力,动作,街机,心理,单人,冒险",H3Soft,H3Soft,11,PC,单人,否,1
Comrade-in-Arms,"动作,独立,休闲,策略,冒险,僵尸,二维,动作冒险",Traed Studios,Traed Studios,15,PC,单人,否,1
Eggness,"动作,独立,冒险,角色扮演,抢先体验",CADs Soft Studios,CADs Engineering GmbH,37,PC,单人,否,1
Indian Army - Mission POK,"动作,冒险,血腥,第三人称射击,战争,第一人称射击","herron_wask,Herron Wask A.k.a Jitu",Herron Wask,54,PC,单人,否,1
Sword of Rapier,"动作,独立,角色扮演",vDog,vDog,50,PC,单人,是,1
传说之光,"独立,动作,抢先体验,视觉小说,剧情丰富,二维,单人,黑暗,悬疑,冒险",SmilingKey,SmilingKey,37,PC,单人,是,1
Me and (My) Cat's Castle X,"动作,独立,休闲,二维,困难",KAJINOYU,PGN Inc,13,PC,单人,否,1
The Legend of Arcadieu,"休闲,独立,模拟,视觉小说,动漫,可爱,单人,欢乐,恋爱模拟,爱情,剧情丰富,光明会,单线剧情",Kavorkaplay,Kavorkaplay,26,PC,单人,否,1
spider ponds,"独立,冒险,氛围,试验性,自然",Sokpop Collective,Sokpop Collective,15,PC,单人,否,1
TNN Motorsports Hardcore TR,"体育,竞速",ASC Games,Console Classics,,PC,单人,否,1
TOYTANK,"模拟,独立,策略,虚拟现实",Pudding,Pudding,15,PC,单人,否,1
Neon Сoliseum,"动作,独立,休闲,困难",Mantis Games,Displacement Studios,6,PC,单人,否,1
Banana for Scale,"独立,策略,解谜,风格化,本地多人,虚拟现实","Marco Giammetti,Vincenzo Fabiano,Luca di Gennaro",Hypothermic Games ,43,PC,本地多人,否,1
The Legacy of Music,"独立,动作,休闲,解谜,音乐,3D 平台,冒险",NEZOS GAMES,NEZOS GAMES,22,PC,单人,是,1
Bomb Fight,"动作,独立,休闲,本地合作,二维,本地多人",Guillaume Opoix,Guillaume Opoix,26,PC,本地合作,否,1
Protect Your Fool,"动作,独立,街机,二维,像素图形,困难,极简主义,单人,欲罢不能,重玩价值,竞分,快节奏,好评原声音轨,轻游戏",MODIV games,MODIV games,11,PC,单人,否,1
Apperception,"策略,冒险,独立,血腥,暴力,虚拟现实",BrokenMemoryGames,BrokenMemoryGames,22,PC,单人,否,1
Don't touch me,独立,Blast Radius Game Studios,Indie,18,PC,单人,否,1
"Angel and Devil,ninja,sushi,tempura,panda and the statue of liverty","独立,像素图形,动作,清版射击",HUNTERS,HUNTERS,11,PC,单人,否,1
EMPTY,"动作,独立,休闲,平台游戏,二维,像素图形,2D 平台,纵轴,砍杀",ShihYuJung,SYJstudio,22,PC,单人,否,1
Sin; Vengeance,"策略,角色扮演,独立",Spaced Toad Studio,Spaced Toad Studio,22,PC,单人,否,1
The Game We All Have To Play,"动作,独立,休闲,弹幕射击,短片,剧情丰富,喜剧,快节奏,二维,困难,欢乐,氛围,单人,欲罢不能,彩色,重玩价值,记叙,选择取向,多结局,哲理",Zubko,Zubko,18,PC,单人,否,1
非正式警探 Informal Detective,"冒险,角色扮演,独立",SpaceMola Games,SpaceMola Games,8,PC,单人,是,1
Crazy Science Long Run,"动作,独立,休闲,二维,科幻,科学,氛围,手绘,彩色,解谜",Shadow Motion,Shadow Motion,18,PC,单人,是,1
Plunder Squad,"独立,动作,冒险",AK Sommerville,AK Sommerville,15,PC,单人,否,1
Fright,"独立,休闲,第一人称视角,单人,冒险","Strawberry Game Studios, LLC","Strawberry Game Studios, LLC",15,PC,单人,否,1
Fleet Star V,"策略,动作,冒险,独立,太空,关卡编辑,即时战略",Eric Ferguson,Eric Ferguson,11,PC,单人,否,1
CULT,"独立,策略,动作,冒险",Salt &amp; Pixel,Salt &amp; Pixel,28,PC,单人,否,1
Nonogram Animal Griddlers,"独立,休闲,解谜,放松,二维,像素图形,困难,单人,阖家",DexteR Games,DexteR Games,Free Demo version!,PC,单人,否,1
MokMok,"冒险,独立,休闲",2Beats,2Beats,,PC,单人,否,1
Dantes Bullet Inferno,"动作,独立,清版射击,射击,复古,垂直卷轴射击,轨道射击",Red Pentagram Studios,Red Pentagram Studios,11,PC,单人,否,1
Sunburnt,"独立,街机,怀旧,休闲,像素图形,短片",ZeroFolio,ZeroFolio,11,PC,单人,否,1
Bronze Hoof,"独立,奔跑,平台游戏",Persic Games,Persic Games,11,PC,单人,是,1
Duralumin Wind,"动作,独立",CETVE LLC,CETVE LLC,6,PC,单人,否,1
CatDog Puzzle,"休闲,独立,动作,放松,唯美",Easy game,Game for people	,6,PC,单人,否,1
Hit The Hive,"动作,休闲,独立,模拟,策略,虚拟现实,抢先体验,射击,太空",VOID VR,VOID VR,Hit The Hive DEMO,PC,单人,否,1
Synzzball,"独立,休闲,物理,困难,极简主义,单人,短片,解谜,低容错,逻辑,关卡编辑,游戏工坊",Jens P. Behrens,Jens P. Behrens,11,PC,单人,否,1
Guitar Hardness,"休闲,独立",Lonely Dev,Lonely Dev,6,PC,单人,否,1
Star-Pit Starship,"独立,休闲,动作,单人,街机",Puddledock Games,Puddledock Games,6,PC,单人,否,1
The Eerie Adventures Of Kally,"动作,冒险,独立,模拟,恐怖",DS,DS,26,PC,单人,否,1
SPACE BLASTER 8 BIT,"休闲,动作,独立",Dead Crow,Dead Crow,6,PC,单人,否,1
天下往事 Journey of the world,"冒险,角色扮演,独立,RPG制作大师",十弦曲觞,十弦曲觞,免费开玩,PC,单人,是,1
Stupid Bat,"独立,休闲",Mismatch Studio,Mismatch Studio,6,PC,单人,否,1
Attack of the alien thingies from lava!,"动作,休闲,独立,血腥,暴力,僵尸,外星人,射击",Tamás Árva,Tamás Árva,免费游玩,PC,单人,否,1
Kalzor: 2000,"动作,独立,休闲,像素图形,清版射击,垂直卷轴射击,弹幕射击,竞分,阖家,怀旧,困难,生存,太空,好评原声音轨,街机,射击,二维,科幻,单人",Roley Games,Roley Games,11,PC,单人,否,1
禁忌,"角色扮演,独立,休闲,冒险,黑暗奇幻,策略",0,0,6,PC,单人,是,1
FlappyU,"独立,休闲,模拟,虚拟现实",FlappyU,FlappyU,11,PC,单人,否,1
Twinstack,"休闲,策略,独立,解谜",Correcture Games AB,Correcture Games AB,6,PC,单人,否,1
Airi's World,"角色扮演,独立,冒险",Artbox Games,Artbox Games,22,PC,单人,是,1
Bomight,"动作,休闲,独立",AAKIOO,AAKIOO,6,PC,单人,否,1
Super Commander XL,"休闲,动作,策略,独立",Zeuta Caffe,Zeuta Caffe,6,PC,单人,否,1
Automaton Arena,"动作,独立,休闲,抢先体验",Cicada Works Software,Cicada Works Software,6,PC,单人,否,1
GarbageClassification,"动作,休闲,模拟",个人,个人,15,PC,单人,是,1
Planet Lander,"独立,休闲,竞速,动作,街机,复古,科幻,物理,怀旧,单人,纵轴,控制器,飞行,经典,太空,好评原声音轨,原声音乐",Tuwi Michael Nannings,NanningsGames,6,PC,单人,否,1
Icarus - Prima Regula,"休闲,竞速,独立,虚拟现实,动作,抢先体验",MC Games Studio,MC Games Studio,22,PC,单人,否,1
Memeow & Comodore: Reloaded,"动作,独立,休闲,冒险,大型多人在线,多人",Yotta Dev Games,Yotta Dev Games,22,PC,大型多人在线,否,1
"Day Zero - Build, Craft, Survive","独立,动作,冒险,角色扮演,血腥,暴力",Behron Georgantas,Fractum Innovations,70,PC,单人,否,1
Live To Win,"动作,独立,冒险,角色扮演,动作冒险,策略",GoodMood,Astero,11,PC,单人,否,1
Sounds of Music,"独立,休闲",Kevin Paek,Kevin Paek,11,PC,单人,否,1
Cubes,"独立,虚拟现实",Best Bit Studios,Best Bit Studios,37,PC,单人,否,1
Night of the Shrub Part 1,休闲,Grove Street Games,Grove Street Games,11,PC,单人,否,1
Horror Ville Maze Escape,"冒险,休闲,策略,虚拟现实",NIPSAPP GAMING SOFTWARE PVT LTD,NIPSAPP GAMING SOFTWARE PVT LTD,6,PC,单人,否,1
Little Big Rabbits,"独立,休闲,冒险,3D 平台,奔跑,平台游戏",Eric Alexander,NineRogues,68,PC,单人,否,1
Behind The Beyond,"独立,动作,第三人称射击",Sidhanth Mohite,Bhomriska Studios,22,PC,单人,否,1
Space Chip,"独立,休闲",Dani D,Dani D,7,PC,单人,否,1
Empty Universe,"动作,独立,科幻,太空,第一人称视角",olusola ifeanyichukwu olaoye,olusola ifeanyichukwu olaoye,22,PC,单人,否,1
Power Block,"动作,独立,休闲",Stardust Studios,Stardust Studios,22,PC,单人,否,1
Give Up The Dupe,"独立,解谜,推箱子,休闲,二维,单人",SilbinaryWolf,SilbinaryWolf,11,PC,单人,否,1
The Great Emu War,"独立,暴力",HoneyBeeSoftware,HoneyBeeSoftware,22,PC,单人,否,1
Violet's Dream VR,"冒险,虚拟现实",华夏动漫,华夏动漫,21,PC,单人,是,1
Duck Hunting Challenge,"动作,休闲,模拟",Collision Studios,Boombox,37,PC,单人,否,1
A Deadly Maze: Phase 1,"休闲,动作,独立,冒险",DIGITAL ART CARTEL,DIGITAL ART CARTEL,37,PC,单人,是,1
Very Real Chess,"独立,模拟,体育,策略,虚拟现实",Zachary Geier,Zachary Geier,6,PC,单人,否,1
CORVUS,"动作,休闲,独立,冒险,刷宝射击游戏",nilow,Droid Riot,11,PC,单人,否,1
CRASH THE GAME,"休闲,模拟,策略,独立,动作",Kev Jackson,Kev Jackson,6,PC,单人,否,1
Lannath,"独立,动作,角色扮演,血腥,暴力,恐怖,轻度 Rogue,程序生成,困难,非线性,黑暗,僵尸,纵轴,超现实,沙盒,生存,洛夫克拉夫特式",Chris Bicknese,Chris Bicknese,26,PC,单人,否,1
No1Left,"动作,角色扮演,独立,抢先体验",Skarond,Skarond,34,PC,单人,否,1
In The Dark,"动作,独立,冒险,RPG制作大师",Team Firestorm,Team Firestorm,11,PC,单人,否,1
Slave Ghost,"冒险,独立,休闲","Nikita ""Ghost_RUS""",Ghost_RUS Games,6,PC,单人,否,1
Break my body,"独立,休闲,动作,街机,二维,物理,欢乐,单人,卡通化,风格化,彩色,竞分,阖家,好评原声音轨",Stephane Valverde,Agent Mega,37,PC,单人,否,1
Glasses Nightmare,"动作,独立,冒险,恐怖,开放世界,解谜,悬疑,氛围,选择取向,困难,黑暗",RepSolo,RepSolo,28,PC,单人,否,1
NeonFlight,"独立,休闲,体育,街机,单人,快节奏",tinyBIGPixels,SkyWorX Publishing,6,PC,单人,否,1
Chronicle of Daneya,"冒险,角色扮演,独立,RPG制作大师,奇幻,氛围,中世纪,日系角色扮演",Robot D,Robot D,32,PC,单人,否,1
Kid's Safety With George Blessure,"休闲,独立,冒险,策略,心理恐怖,全动态影像,网红,光明会,教育,动作",Bmc Studio,Bmc Studio,6,PC,单人,否,1
The Pointless Car Chase,"动作,竞速,冒险",R.E.M. Studios,R.E.M. Studios,11,PC,单人,否,1
Exterminate the world,"动作,角色扮演,休闲,血腥,暴力,虚拟现实",深圳市虚游科技有限公司,深圳市微我科技有限公司,26,PC,单人,是,1
Double Stretch,"动作,独立",ARGames,Metal Fox,6,PC,单人,否,1
Space Trade Fleet 1.5,"独立,动作,休闲,角色扮演,射击",Zeta Heo,Zeta Heo,22,PC,单人,否,1
Elevator VR,"独立,休闲,模拟,虚拟现实",のdev,"Babaroga, LLC",11,PC,单人,否,1
Contraptions,"独立,物理,解谜,欢乐,休闲","Moragami Co., Ltd",Funbox Media Ltd,37,PC,单人,否,1
WingMen,"动作,冒险,模拟,独立,休闲",Robert Mensah,Robert Mensah,,PC,单人,否,1
Zulup,"独立,休闲,困难,阖家,解谜",cBlck,cBlck,6,PC,单人,否,1
Fish man avoiding fishing,休闲,chu qingfang,chu qingfang,138,PC,单人,是,1
Sicier's Zweck,"独立,模拟",Sicier,Sicier,3,PC,单人,否,1
BoomTris,"独立,策略,抢先体验,塔防",Vladimir Afonin,Vladimir Afonin,,PC,单人,否,1
Space Slam,"动作,独立",";),Quickdraw Studios",Quickdraw Studios,40,PC,单人,否,1
KARA Accounting,"实用工具,软件,独立",KARA,KARA,26,PC,其他,否,1
Bounce,"休闲,独立",Xian'Yu,Xian'Yu,6,PC,单人,是,1
Planet Jump 2,"休闲,动作,独立,冒险",NIK GAMES,Mikhail Lebedev,15,PC,单人,否,1
A Divided Light,"独立,休闲",Pinky Up Games,Pinky Up Games,11,PC,单人,否,1
Taboos: Flower,"休闲,独立,策略,单人,解谜",GGGAME,GGGAME,6,PC,单人,是,1
Hiragana POW!,"动作,休闲,独立,教育,格斗",Didrik Axelsson,Didrik Axelsson,6,PC,单人,否,1
Summoners Mist,"动作,独立,解谜",Karpopper,Karpopper,39,PC,单人,否,1
New Colony,"冒险,独立,自然,短片,殖民模拟",Sokpop Collective,Sokpop Collective,15,PC,单人,否,1
RUN,"独立,模拟,动作,虚拟现实",POPSAUR,POPSAUR,11,PC,单人,否,1
Perfect,"休闲,独立,策略",WEIPUYU,WEIPUYU,6,PC,单人,是,1
Theme Park Worker,"模拟,抢先体验",ASGames,Alwin Sänger,57,PC,单人,否,1
Nice Try!,"独立,休闲,竞速,大型多人在线,纵轴,街机,困难,单人",Roman Shuvalov,Roman Shuvalov,11,PC,大型多人在线,否,1
UNI TURRET,"休闲,独立",gentome,gentome,11,PC,单人,是,1
Portal Dogs,"动作,独立,平台游戏,可爱,2D 平台",Brain Connected,Brain Connected,22,PC,单人,否,1
Instacalm VR,"模拟,虚拟现实","Neurotechnology,42 Interactive",Neurotechnology,22,PC,其他,否,1
Quantized,"独立,休闲,模拟,音乐,节奏,音乐动态生成,虚拟现实","Chris Mahoney,Kenny Bier",Abstractron,43,PC,单人,否,1
